Model Name,Agent Name,Exam Name,Temperature,Problem ID,Response ID,Text
gpt-35-turbo,baseline,comprehensive-100,0.8,1,0,"Action: Answer(""C"")
"
gpt-35-turbo,baseline,comprehensive-100,0.8,1,1,"Action: Answer(""B"")
"
gpt-35-turbo,baseline,comprehensive-100,0.8,1,2,"Action: Answer(""C"")
"
gpt-35-turbo,baseline,comprehensive-100,0.8,1,3,"Action: Answer(""C"")
"
gpt-35-turbo,baseline,comprehensive-100,0.8,1,4,"Action: Answer(""D"")
"
gpt-35-turbo,baseline,comprehensive-100,0.8,1,5,"Action: Answer(""B"")
"
gpt-35-turbo,baseline,comprehensive-100,0.8,1,6,"Action: Answer(""D"")
"
gpt-35-turbo,baseline,comprehensive-100,0.8,1,7,"Action: Answer(""D"")
"
gpt-35-turbo,baseline,comprehensive-100,0.8,1,8,"Action: Answer(""D"")
"
gpt-35-turbo,baseline,comprehensive-100,0.8,1,9,"Action: Answer(""D"")
"
gpt-35-turbo,baseline,comprehensive-100,0.8,2,0,"Action: Answer(""D"")
"
gpt-35-turbo,baseline,comprehensive-100,0.8,2,1,"Action: Answer(""D"")
"
gpt-35-turbo,baseline,comprehensive-100,0.8,2,2,"Action: Answer(""C"")
"
gpt-35-turbo,baseline,comprehensive-100,0.8,2,3,"Action: Answer(""C"")
"
gpt-35-turbo,baseline,comprehensive-100,0.8,2,4,"Action: Answer(""D"")
"
gpt-35-turbo,baseline,comprehensive-100,0.8,2,5,"Action: Answer(""E"")
"
gpt-35-turbo,baseline,comprehensive-100,0.8,2,6,"Action: Answer(""E"")
"
gpt-35-turbo,baseline,comprehensive-100,0.8,2,7,"Action: Answer(""D"")
"
gpt-35-turbo,baseline,comprehensive-100,0.8,2,8,"Action: Answer(""C"")
"
gpt-35-turbo,baseline,comprehensive-100,0.8,2,9,"Action: Answer(""C"")
"
gpt-35-turbo,baseline,comprehensive-100,0.8,3,0,"Action: Answer(""B"")
"
gpt-35-turbo,baseline,comprehensive-100,0.8,3,1,"Action: Answer(""C"")
"
gpt-35-turbo,baseline,comprehensive-100,0.8,3,2,"Action: Answer(""B"")
"
gpt-35-turbo,baseline,comprehensive-100,0.8,3,3,"Action: Answer(""B"")
"
gpt-35-turbo,baseline,comprehensive-100,0.8,3,4,"Action: Answer(""B"")
"
gpt-35-turbo,baseline,comprehensive-100,0.8,3,5,"Action: Answer(""C"")
"
gpt-35-turbo,baseline,comprehensive-100,0.8,3,6,"Action: Answer(""C"")
"
gpt-35-turbo,baseline,comprehensive-100,0.8,3,7,"Action: Answer(""B"")
"
gpt-35-turbo,baseline,comprehensive-100,0.8,3,8,"Action: Answer(""B"")
"
gpt-35-turbo,baseline,comprehensive-100,0.8,3,9,"Action: Answer(""B"")
"
gpt-35-turbo,baseline,comprehensive-100,0.8,4,0,"Action: Answer(""A"")
"
gpt-35-turbo,baseline,comprehensive-100,0.8,4,1,"Action: Answer(""A"")
"
gpt-35-turbo,baseline,comprehensive-100,0.8,4,2,"Action: Answer(""C"")
"
gpt-35-turbo,baseline,comprehensive-100,0.8,4,3,"Action: Answer(""C"")
"
gpt-35-turbo,baseline,comprehensive-100,0.8,4,4,"Action: Answer(""C"")
"
gpt-35-turbo,baseline,comprehensive-100,0.8,4,5,"Action: Answer(""C"")
"
gpt-35-turbo,baseline,comprehensive-100,0.8,4,6,"Action: Answer(""C"")
"
gpt-35-turbo,baseline,comprehensive-100,0.8,4,7,"Action: Answer(""A"")
"
gpt-35-turbo,baseline,comprehensive-100,0.8,4,8,"Action: Answer(""C"")
"
gpt-35-turbo,baseline,comprehensive-100,0.8,4,9,"Action: Answer(""C"")
"
gpt-35-turbo,baseline,comprehensive-100,0.8,5,0,"Action: Answer(""E"")
"
gpt-35-turbo,baseline,comprehensive-100,0.8,5,1,"Action: Answer(""C"")
"
gpt-35-turbo,baseline,comprehensive-100,0.8,5,2,"Action: Answer(""D"")
"
gpt-35-turbo,baseline,comprehensive-100,0.8,5,3,"Action: Answer(""C"")
"
gpt-35-turbo,baseline,comprehensive-100,0.8,5,4,"Action: Answer(""D"")
"
gpt-35-turbo,baseline,comprehensive-100,0.8,5,5,"Action: Answer(""D"")
"
gpt-35-turbo,baseline,comprehensive-100,0.8,5,6,"Action: Answer(""E"")
"
gpt-35-turbo,baseline,comprehensive-100,0.8,5,7,"Action: Answer(""D"")
"
gpt-35-turbo,baseline,comprehensive-100,0.8,5,8,"Action: Answer(""D"")
"
gpt-35-turbo,baseline,comprehensive-100,0.8,5,9,"Action: Answer(""E"")
"
gpt-35-turbo,baseline,comprehensive-100,0.8,6,0,"Action: Answer(""B"") 
"
gpt-35-turbo,baseline,comprehensive-100,0.8,6,1,"Action: Answer(""C"")
"
gpt-35-turbo,baseline,comprehensive-100,0.8,6,2,"Action: Answer(""B"")
"
gpt-35-turbo,baseline,comprehensive-100,0.8,6,3,"Action: Answer(""B"")
"
gpt-35-turbo,baseline,comprehensive-100,0.8,6,4,"Action: Answer(""B"")
"
gpt-35-turbo,baseline,comprehensive-100,0.8,6,5,"Action: Answer(""B"")
"
gpt-35-turbo,baseline,comprehensive-100,0.8,6,6,"Action: Answer(""B"")
"
gpt-35-turbo,baseline,comprehensive-100,0.8,6,7,"Action: Answer(""B"")
"
gpt-35-turbo,baseline,comprehensive-100,0.8,6,8,"Action: Answer(""B"")
"
gpt-35-turbo,baseline,comprehensive-100,0.8,6,9,"Action: Answer(""C"")
"
gpt-35-turbo,baseline,comprehensive-100,0.8,7,0,"Action: Answer(""C"")
"
gpt-35-turbo,baseline,comprehensive-100,0.8,7,1,"Action: Answer(""C"")
"
gpt-35-turbo,baseline,comprehensive-100,0.8,7,2,"Action: Answer(""C"")
"
gpt-35-turbo,baseline,comprehensive-100,0.8,7,3,"Action: Answer(""C"")
"
gpt-35-turbo,baseline,comprehensive-100,0.8,7,4,"Action: Answer(""D"")
"
gpt-35-turbo,baseline,comprehensive-100,0.8,7,5,"Action: Answer(""C"")
"
gpt-35-turbo,baseline,comprehensive-100,0.8,7,6,"Action: Answer(""C"")
"
gpt-35-turbo,baseline,comprehensive-100,0.8,7,7,"Action: Answer(""D"")
"
gpt-35-turbo,baseline,comprehensive-100,0.8,7,8,"Action: Answer(""B"")
"
gpt-35-turbo,baseline,comprehensive-100,0.8,7,9,"Action: Answer(""C"")
"
gpt-35-turbo,baseline,comprehensive-100,0.8,8,0,"Action: Answer(""A"")  

Let's assume that the coin-diver found x copper coins and y brass coins in one dive. 

From the problem, we know that each copper coin brings 20 cents and each brass coin brings 25 cents. Therefore, we can set up the following equation:

20x + 25y = 340 

We need to find the minimum number of copper coins that she brought, which means we need to minimize x. 

Let's start by plugging in x = 0 in the equation above and solving for y:

20(0) + 25y = 340 
y = 13.6 

This is not a whole number, so x cannot be 0. Let's try x = 1:

20(1) + 25y = 340 
y = 12 

This is a whole number, so x = 1 and y = 12. Therefore, the minimum number of copper coins that she brought is 1.
"
gpt-35-turbo,baseline,comprehensive-100,0.8,8,1,"Action: Answer(""A"")
"
gpt-35-turbo,baseline,comprehensive-100,0.8,8,2,"Action: Answer(""A"")  
Explanation: Let's assume that the coin-diver brought 'c' copper coins and 'b' brass coins. According to the problem statement, she got 20 cents per copper coin and 25 cents per brass coin. Therefore, we can create the following equation: 

20c + 25b = 340 (in cents)

We know that the minimum number of copper coins must be selected, so we have to find out the least possible value of 'c' that satisfies the equation. By trying different values of 'c', we can see that when 'c' is 4, the equation is satisfied:

20(4) + 25b = 340
80 + 25b = 340
25b = 260
b = 10.4

Since we cannot have a fraction of a coin, we know that she brought 10 brass coins. Therefore, the answer is 4 copper coins.
"
gpt-35-turbo,baseline,comprehensive-100,0.8,8,3,"Action: Answer(""C"")
"
gpt-35-turbo,baseline,comprehensive-100,0.8,8,4,"Action: Answer(""A"")  
Explanation: Let's assume that the coin-diver brought C copper coins and B brass coins. From the problem, we can get two equations:
  - Equation 1: C + B = Total number of coins
  - Equation 2: 20C + 25B = 340 cents (since she got $3.40)
  
We need to find the minimum number of copper coins, so we need to minimize C. Let's try to solve for C in terms of B:
  - 20C + 25B = 340
  - 20C = 340 - 25B
  - C = 17 - (5/4)B
  
We know that C has to be a non-negative integer, so we need to find the largest value of B that makes C a non-negative integer. Since B and C are both non-negative integers, we can list out the possible values of B and the corresponding values of C:
  - B = 0, C = 17
  - B = 1, C = 12
  - B = 2, C = 7
  - B = 3, C = 2
  - B = 4, C = -3 (not valid)
  
Therefore, the minimum number of copper coins that she brought is 4.
"
gpt-35-turbo,baseline,comprehensive-100,0.8,8,5,"Action: Answer(""B"")
"
gpt-35-turbo,baseline,comprehensive-100,0.8,8,6,"Action: Answer(""B"")
"
gpt-35-turbo,baseline,comprehensive-100,0.8,8,7,"Action: Answer(""C"")
"
gpt-35-turbo,baseline,comprehensive-100,0.8,8,8,"Action: Answer(""B"")
"
gpt-35-turbo,baseline,comprehensive-100,0.8,8,9,"Action: Answer(""B"")
"
gpt-35-turbo,baseline,comprehensive-100,0.8,9,0,"Action: Answer(""B"")
"
gpt-35-turbo,baseline,comprehensive-100,0.8,9,1,"Action: Answer(""42.86%"")
"
gpt-35-turbo,baseline,comprehensive-100,0.8,9,2,"Action: Answer(""42.86%"")
"
gpt-35-turbo,baseline,comprehensive-100,0.8,9,3,"Action: Answer(""42.86%"")
"
gpt-35-turbo,baseline,comprehensive-100,0.8,9,4,"Action: Answer(""42.86%"")
"
gpt-35-turbo,baseline,comprehensive-100,0.8,9,5,"Action: Answer(""B"")
"
gpt-35-turbo,baseline,comprehensive-100,0.8,9,6,"Action: Answer(""42.86%"")
"
gpt-35-turbo,baseline,comprehensive-100,0.8,9,7,"Action: Answer(""42.86%"")
"
gpt-35-turbo,baseline,comprehensive-100,0.8,9,8,"Action: Answer(""42.86%"")
"
gpt-35-turbo,baseline,comprehensive-100,0.8,9,9,"Action: Answer(""42.86%"")
"
gpt-35-turbo,baseline,comprehensive-100,0.8,10,0,"Action: Answer(""D"")
"
gpt-35-turbo,baseline,comprehensive-100,0.8,10,1,"Action: Answer(""D"")
"
gpt-35-turbo,baseline,comprehensive-100,0.8,10,2,"To solve the problem, we can set up the proportion: original length / ratio = new length.

The ratio is 5:3, which means the original length is divided into 5 + 3 = 8 parts. 
So, each part is 30 cm / 8 = 3.75 cm.

To find the new length, we can multiply the ratio by the part size for the reduced length. 
The reduced length is 5 parts * 3.75 cm = 18.75 cm.

Action: Answer(""A"")
"
gpt-35-turbo,baseline,comprehensive-100,0.8,10,3,"Action: Answer(""D"")
"
gpt-35-turbo,baseline,comprehensive-100,0.8,10,4,"Action: Answer(""D"")
"
gpt-35-turbo,baseline,comprehensive-100,0.8,10,5,"Action: Answer(""D"")
"
gpt-35-turbo,baseline,comprehensive-100,0.8,10,6,"Action: Answer(""D"")
"
gpt-35-turbo,baseline,comprehensive-100,0.8,10,7,"Action: Answer(""D"")
"
gpt-35-turbo,baseline,comprehensive-100,0.8,10,8,"Action: Answer(""D"")
"
gpt-35-turbo,baseline,comprehensive-100,0.8,10,9,"Action: Answer(""D"")
"
gpt-35-turbo,baseline,comprehensive-100,0.8,11,0,"Action: Answer(""C"")
"
gpt-35-turbo,baseline,comprehensive-100,0.8,11,1,"Action: Answer(""C"")
"
gpt-35-turbo,baseline,comprehensive-100,0.8,11,2,"Action: Answer(""C"")
"
gpt-35-turbo,baseline,comprehensive-100,0.8,11,3,"Action: Answer(""C"")
"
gpt-35-turbo,baseline,comprehensive-100,0.8,11,4,"Action: Answer(""C"")
"
gpt-35-turbo,baseline,comprehensive-100,0.8,11,5,"Action: Answer(""C"")
"
gpt-35-turbo,baseline,comprehensive-100,0.8,11,6,"Action: Answer(""C"")
"
gpt-35-turbo,baseline,comprehensive-100,0.8,11,7,"Action: Answer(""C"")
"
gpt-35-turbo,baseline,comprehensive-100,0.8,11,8,"Action: Answer(""C"")
"
gpt-35-turbo,baseline,comprehensive-100,0.8,11,9,"Action: Answer(""C"")
"
gpt-35-turbo,baseline,comprehensive-100,0.8,12,0,"Action: Answer(""B"")
"
gpt-35-turbo,baseline,comprehensive-100,0.8,12,1,"Action: Answer(""B"")
"
gpt-35-turbo,baseline,comprehensive-100,0.8,12,2,"Action: Answer(""B"")
"
gpt-35-turbo,baseline,comprehensive-100,0.8,12,3,"Action: Answer(""B"")
"
gpt-35-turbo,baseline,comprehensive-100,0.8,12,4,"Action: Answer(""B"")
"
gpt-35-turbo,baseline,comprehensive-100,0.8,12,5,"Action: Answer(""B"")
"
gpt-35-turbo,baseline,comprehensive-100,0.8,12,6,"Action: Answer(""B"")
"
gpt-35-turbo,baseline,comprehensive-100,0.8,12,7,"Action: Answer(""B"")
"
gpt-35-turbo,baseline,comprehensive-100,0.8,12,8,"Action: Answer(""B"")
"
gpt-35-turbo,baseline,comprehensive-100,0.8,12,9,"Action: Answer(""B"")
"
gpt-35-turbo,baseline,comprehensive-100,0.8,13,0,"Action: Answer(""C"")
"
gpt-35-turbo,baseline,comprehensive-100,0.8,13,1,"Action: Answer(""B"")
"
gpt-35-turbo,baseline,comprehensive-100,0.8,13,2,"Action: Answer(""A"")
"
gpt-35-turbo,baseline,comprehensive-100,0.8,13,3,"Action: Answer(""D"")
"
gpt-35-turbo,baseline,comprehensive-100,0.8,13,4,"Action: Answer(""C"")
"
gpt-35-turbo,baseline,comprehensive-100,0.8,13,5,"Action: Answer(""C"")
"
gpt-35-turbo,baseline,comprehensive-100,0.8,13,6,"Action: Answer(""B"")
"
gpt-35-turbo,baseline,comprehensive-100,0.8,13,7,"Action: Answer(""C"")
"
gpt-35-turbo,baseline,comprehensive-100,0.8,13,8,"Action: Answer(""A"")
"
gpt-35-turbo,baseline,comprehensive-100,0.8,13,9,"Action: Answer(""D"")
"
gpt-35-turbo,baseline,comprehensive-100,0.8,14,0,"Action: Answer(""C"")
"
gpt-35-turbo,baseline,comprehensive-100,0.8,14,1,"Action: Answer(""C"")
"
gpt-35-turbo,baseline,comprehensive-100,0.8,14,2,"Action: Answer(""C"")
"
gpt-35-turbo,baseline,comprehensive-100,0.8,14,3,"Action: Answer(""C"")
"
gpt-35-turbo,baseline,comprehensive-100,0.8,14,4,"Action: Answer(""C"")
"
gpt-35-turbo,baseline,comprehensive-100,0.8,14,5,"Action: Answer(""C"")
"
gpt-35-turbo,baseline,comprehensive-100,0.8,14,6,"Action: Answer(""C"")
"
gpt-35-turbo,baseline,comprehensive-100,0.8,14,7,"Action: Answer(""C"")
"
gpt-35-turbo,baseline,comprehensive-100,0.8,14,8,"Action: Answer(""C"")
"
gpt-35-turbo,baseline,comprehensive-100,0.8,14,9,"Action: Answer(""C"")
"
gpt-35-turbo,baseline,comprehensive-100,0.8,15,0,"Action: Answer(""B"")
"
gpt-35-turbo,baseline,comprehensive-100,0.8,15,1,"Action: Answer(""B"")
"
gpt-35-turbo,baseline,comprehensive-100,0.8,15,2,"Action: Answer(""B"")
"
gpt-35-turbo,baseline,comprehensive-100,0.8,15,3,"Action: Answer(""B"")
"
gpt-35-turbo,baseline,comprehensive-100,0.8,15,4,"Action: Answer(""B"")
"
gpt-35-turbo,baseline,comprehensive-100,0.8,15,5,"Action: Answer(""B"")
"
gpt-35-turbo,baseline,comprehensive-100,0.8,15,6,"Action: Answer(""B"")
"
gpt-35-turbo,baseline,comprehensive-100,0.8,15,7,"Action: Answer(""B"")
"
gpt-35-turbo,baseline,comprehensive-100,0.8,15,8,"Action: Answer(""B"")
"
gpt-35-turbo,baseline,comprehensive-100,0.8,15,9,"Action: Answer(""B"")
"
gpt-35-turbo,baseline,comprehensive-100,0.8,16,0,"Action: Answer(""C"")
"
gpt-35-turbo,baseline,comprehensive-100,0.8,16,1,"Action: Answer(""C"")
"
gpt-35-turbo,baseline,comprehensive-100,0.8,16,2,"Action: Answer(""B"")
"
gpt-35-turbo,baseline,comprehensive-100,0.8,16,3,"Action: Answer(""A"")
"
gpt-35-turbo,baseline,comprehensive-100,0.8,16,4,"Action: Answer(""C"")
"
gpt-35-turbo,baseline,comprehensive-100,0.8,16,5,"Action: Answer(""C"")
"
gpt-35-turbo,baseline,comprehensive-100,0.8,16,6,"Action: Answer(""C"")
"
gpt-35-turbo,baseline,comprehensive-100,0.8,16,7,"Action: Answer(""B"")
"
gpt-35-turbo,baseline,comprehensive-100,0.8,16,8,"Action: Answer(""A"")
"
gpt-35-turbo,baseline,comprehensive-100,0.8,16,9,"Action: Answer(""C"")
"
gpt-35-turbo,baseline,comprehensive-100,0.8,17,0,"Action: Answer(""D"")
"
gpt-35-turbo,baseline,comprehensive-100,0.8,17,1,"Action: Answer(""D"")
"
gpt-35-turbo,baseline,comprehensive-100,0.8,17,2,"Action: Answer(""D"")
"
gpt-35-turbo,baseline,comprehensive-100,0.8,17,3,"Action: Answer(""D"")
"
gpt-35-turbo,baseline,comprehensive-100,0.8,17,4,"Action: Answer(""D"")
"
gpt-35-turbo,baseline,comprehensive-100,0.8,17,5,"Action: Answer(""D"")
"
gpt-35-turbo,baseline,comprehensive-100,0.8,17,6,"Action: Answer(""D"")
"
gpt-35-turbo,baseline,comprehensive-100,0.8,17,7,"Action: Answer(""D"")
"
gpt-35-turbo,baseline,comprehensive-100,0.8,17,8,"Action: Answer(""D"")
"
gpt-35-turbo,baseline,comprehensive-100,0.8,17,9,"Action: Answer(""D"")
"
gpt-35-turbo,baseline,comprehensive-100,0.8,18,0,"Action: Answer(""D"")
"
gpt-35-turbo,baseline,comprehensive-100,0.8,18,1,"Action: Answer(""D"")
"
gpt-35-turbo,baseline,comprehensive-100,0.8,18,2,"Action: Answer(""D"")
"
gpt-35-turbo,baseline,comprehensive-100,0.8,18,3,"Action: Answer(""D"")
"
gpt-35-turbo,baseline,comprehensive-100,0.8,18,4,"Action: Answer(""D"")
"
gpt-35-turbo,baseline,comprehensive-100,0.8,18,5,"Action: Answer(""D"")
"
gpt-35-turbo,baseline,comprehensive-100,0.8,18,6,"Action: Answer(""D"")
"
gpt-35-turbo,baseline,comprehensive-100,0.8,18,7,"Action: Answer(""D"")
"
gpt-35-turbo,baseline,comprehensive-100,0.8,18,8,"Action: Answer(""D"")
"
gpt-35-turbo,baseline,comprehensive-100,0.8,18,9,"Action: Answer(""D"")
"
gpt-35-turbo,baseline,comprehensive-100,0.8,19,0,"Action: Answer(""D"")
"
gpt-35-turbo,baseline,comprehensive-100,0.8,19,1,"Action: Answer(""D"")
"
gpt-35-turbo,baseline,comprehensive-100,0.8,19,2,"Action: Answer(""D"")
"
gpt-35-turbo,baseline,comprehensive-100,0.8,19,3,"Action: Answer(""D"")
"
gpt-35-turbo,baseline,comprehensive-100,0.8,19,4,"Action: Answer(""D"")
"
gpt-35-turbo,baseline,comprehensive-100,0.8,19,5,"Action: Answer(""D"")
"
gpt-35-turbo,baseline,comprehensive-100,0.8,19,6,"Action: Answer(""D"")
"
gpt-35-turbo,baseline,comprehensive-100,0.8,19,7,"Action: Answer(""D"")
"
gpt-35-turbo,baseline,comprehensive-100,0.8,19,8,"Action: Answer(""D"")
"
gpt-35-turbo,baseline,comprehensive-100,0.8,19,9,"Action: Answer(""D"")
"
gpt-35-turbo,baseline,comprehensive-100,0.8,20,0,"Action: Answer(""B"")
"
gpt-35-turbo,baseline,comprehensive-100,0.8,20,1,"Action: Answer(""B"")
"
gpt-35-turbo,baseline,comprehensive-100,0.8,20,2,"Action: Answer(""B"")
"
gpt-35-turbo,baseline,comprehensive-100,0.8,20,3,"Action: Answer(""B"")
"
gpt-35-turbo,baseline,comprehensive-100,0.8,20,4,"Action: Answer(""B"")
"
gpt-35-turbo,baseline,comprehensive-100,0.8,20,5,"Action: Answer(""B"")
"
gpt-35-turbo,baseline,comprehensive-100,0.8,20,6,"Action: Answer(""B"")
"
gpt-35-turbo,baseline,comprehensive-100,0.8,20,7,"Action: Answer(""B"")
"
gpt-35-turbo,baseline,comprehensive-100,0.8,20,8,"Action: Answer(""B"")
"
gpt-35-turbo,baseline,comprehensive-100,0.8,20,9,"Action: Answer(""B"")
"
gpt-35-turbo,baseline,comprehensive-100,0.8,21,0,"Action: Answer(""A"")
"
gpt-35-turbo,baseline,comprehensive-100,0.8,21,1,"Action: Answer(""A"")
"
gpt-35-turbo,baseline,comprehensive-100,0.8,21,2,"Action: Answer(""D"")
"
gpt-35-turbo,baseline,comprehensive-100,0.8,21,3,"Action: Answer(""E"")
"
gpt-35-turbo,baseline,comprehensive-100,0.8,21,4,"Action: Answer(""A"")
"
gpt-35-turbo,baseline,comprehensive-100,0.8,21,5,"Action: Answer(""D"")
"
gpt-35-turbo,baseline,comprehensive-100,0.8,21,6,"Action: Answer(""A"")
"
gpt-35-turbo,baseline,comprehensive-100,0.8,21,7,"Action: Answer(""A"")
"
gpt-35-turbo,baseline,comprehensive-100,0.8,21,8,"Action: Answer(""A"")
"
gpt-35-turbo,baseline,comprehensive-100,0.8,21,9,"Action: Answer(""A"")
"
gpt-35-turbo,baseline,comprehensive-100,0.8,22,0,"Action: Answer(""A"")
"
gpt-35-turbo,baseline,comprehensive-100,0.8,22,1,"Action: Answer(""D"")
"
gpt-35-turbo,baseline,comprehensive-100,0.8,22,2,"Action: Answer(""D"")
"
gpt-35-turbo,baseline,comprehensive-100,0.8,22,3,"Action: Answer(""D"")
"
gpt-35-turbo,baseline,comprehensive-100,0.8,22,4,"Action: Answer(""B"")
"
gpt-35-turbo,baseline,comprehensive-100,0.8,22,5,"Action: Answer(""D"")
"
gpt-35-turbo,baseline,comprehensive-100,0.8,22,6,"Action: Answer(""D"")
"
gpt-35-turbo,baseline,comprehensive-100,0.8,22,7,"Action: Answer(""C"")
"
gpt-35-turbo,baseline,comprehensive-100,0.8,22,8,"Action: Answer(""C"")
"
gpt-35-turbo,baseline,comprehensive-100,0.8,22,9,"Action: Answer(""D"")
"
gpt-35-turbo,baseline,comprehensive-100,0.8,23,0,"Action: Answer(""C"")
"
gpt-35-turbo,baseline,comprehensive-100,0.8,23,1,"Action: Answer(""C"")
"
gpt-35-turbo,baseline,comprehensive-100,0.8,23,2,"Action: Answer(""C"")
"
gpt-35-turbo,baseline,comprehensive-100,0.8,23,3,"Action: Answer(""C"")
"
gpt-35-turbo,baseline,comprehensive-100,0.8,23,4,"Action: Answer(""A"")
"
gpt-35-turbo,baseline,comprehensive-100,0.8,23,5,"Action: Answer(""A"")
"
gpt-35-turbo,baseline,comprehensive-100,0.8,23,6,"Action: Answer(""A"")
"
gpt-35-turbo,baseline,comprehensive-100,0.8,23,7,"Action: Answer(""A"")
"
gpt-35-turbo,baseline,comprehensive-100,0.8,23,8,"Action: Answer(""A"")
"
gpt-35-turbo,baseline,comprehensive-100,0.8,23,9,"Action: Answer(""A"")
"
gpt-35-turbo,baseline,comprehensive-100,0.8,24,0,"Action: Answer(""C"")
"
gpt-35-turbo,baseline,comprehensive-100,0.8,24,1,"Action: Answer(""D"")
"
gpt-35-turbo,baseline,comprehensive-100,0.8,24,2,"Action: Answer(""A"")
"
gpt-35-turbo,baseline,comprehensive-100,0.8,24,3,"Action: Answer(""D"")
"
gpt-35-turbo,baseline,comprehensive-100,0.8,24,4,"Action: Answer(""A"")
"
gpt-35-turbo,baseline,comprehensive-100,0.8,24,5,"Action: Answer(""D"")
"
gpt-35-turbo,baseline,comprehensive-100,0.8,24,6,"Action: Answer(""C"")
"
gpt-35-turbo,baseline,comprehensive-100,0.8,24,7,"Action: Answer(""D"")
"
gpt-35-turbo,baseline,comprehensive-100,0.8,24,8,"Action: Answer(""D"")
"
gpt-35-turbo,baseline,comprehensive-100,0.8,24,9,"Action: Answer(""D"")
"
gpt-35-turbo,baseline,comprehensive-100,0.8,25,0,"Action: Answer(""B"")
"
gpt-35-turbo,baseline,comprehensive-100,0.8,25,1,"Action: Answer(""B"")
"
gpt-35-turbo,baseline,comprehensive-100,0.8,25,2,"Action: Answer(""B"")
"
gpt-35-turbo,baseline,comprehensive-100,0.8,25,3,"Action: Answer(""B"")
"
gpt-35-turbo,baseline,comprehensive-100,0.8,25,4,"Action: Answer(""B"")
"
gpt-35-turbo,baseline,comprehensive-100,0.8,25,5,"Action: Answer(""B"")
"
gpt-35-turbo,baseline,comprehensive-100,0.8,25,6,"Action: Answer(""B"")
"
gpt-35-turbo,baseline,comprehensive-100,0.8,25,7,"Action: Answer(""B"")
"
gpt-35-turbo,baseline,comprehensive-100,0.8,25,8,"Action: Answer(""A"")
"
gpt-35-turbo,baseline,comprehensive-100,0.8,25,9,"Action: Answer(""B"")
"
gpt-35-turbo,baseline,comprehensive-100,0.8,26,0,"Action: Answer(""B"")
"
gpt-35-turbo,baseline,comprehensive-100,0.8,26,1,"Action: Answer(""C"")
"
gpt-35-turbo,baseline,comprehensive-100,0.8,26,2,"Action: Answer(""C"")
"
gpt-35-turbo,baseline,comprehensive-100,0.8,26,3,"Action: Answer(""C"")
"
gpt-35-turbo,baseline,comprehensive-100,0.8,26,4,"Action: Answer(""B"")
"
gpt-35-turbo,baseline,comprehensive-100,0.8,26,5,"Action: Answer(""C"")
"
gpt-35-turbo,baseline,comprehensive-100,0.8,26,6,"Action: Answer(""C"")
"
gpt-35-turbo,baseline,comprehensive-100,0.8,26,7,"Action: Answer(""C"")
"
gpt-35-turbo,baseline,comprehensive-100,0.8,26,8,"Action: Answer(""C"")
"
gpt-35-turbo,baseline,comprehensive-100,0.8,26,9,"Action: Answer(""D"")
"
gpt-35-turbo,baseline,comprehensive-100,0.8,27,0,"Action: Answer(""B"")
"
gpt-35-turbo,baseline,comprehensive-100,0.8,27,1,"Action: Answer(""A"")
"
gpt-35-turbo,baseline,comprehensive-100,0.8,27,2,"Action: Answer(""D"")
"
gpt-35-turbo,baseline,comprehensive-100,0.8,27,3,"Action: Answer(""D"")
"
gpt-35-turbo,baseline,comprehensive-100,0.8,27,4,"Action: Answer(""D"")
"
gpt-35-turbo,baseline,comprehensive-100,0.8,27,5,"Action: Answer(""C"")
"
gpt-35-turbo,baseline,comprehensive-100,0.8,27,6,"Action: Answer(""A"")
"
gpt-35-turbo,baseline,comprehensive-100,0.8,27,7,"Action: Answer(""D"")
"
gpt-35-turbo,baseline,comprehensive-100,0.8,27,8,"Action: Answer(""A"")
"
gpt-35-turbo,baseline,comprehensive-100,0.8,27,9,"Action: Answer(""D"")
"
gpt-35-turbo,baseline,comprehensive-100,0.8,28,0,"Action: Answer(""D"")
"
gpt-35-turbo,baseline,comprehensive-100,0.8,28,1,"Action: Answer(""D"")
"
gpt-35-turbo,baseline,comprehensive-100,0.8,28,2,"Action: Answer(""D"")
"
gpt-35-turbo,baseline,comprehensive-100,0.8,28,3,"Action: Answer(""D"")
"
gpt-35-turbo,baseline,comprehensive-100,0.8,28,4,"Action: Answer(""D"")
"
gpt-35-turbo,baseline,comprehensive-100,0.8,28,5,"Action: Answer(""D"")
"
gpt-35-turbo,baseline,comprehensive-100,0.8,28,6,"Action: Answer(""D"")
"
gpt-35-turbo,baseline,comprehensive-100,0.8,28,7,"Action: Answer(""D"")
"
gpt-35-turbo,baseline,comprehensive-100,0.8,28,8,"Action: Answer(""D"")
"
gpt-35-turbo,baseline,comprehensive-100,0.8,28,9,"Action: Answer(""D"")
"
gpt-35-turbo,baseline,comprehensive-100,0.8,29,0,"Action: Answer(""D"")
"
gpt-35-turbo,baseline,comprehensive-100,0.8,29,1,"Action: Answer(""E"")
"
gpt-35-turbo,baseline,comprehensive-100,0.8,29,2,"Action: Answer(""E"")
"
gpt-35-turbo,baseline,comprehensive-100,0.8,29,3,"Action: Answer(""D"")
"
gpt-35-turbo,baseline,comprehensive-100,0.8,29,4,"Action: Answer(""E"")
"
gpt-35-turbo,baseline,comprehensive-100,0.8,29,5,"Action: Answer(""E"")
"
gpt-35-turbo,baseline,comprehensive-100,0.8,29,6,"Action: Answer(""D"")
"
gpt-35-turbo,baseline,comprehensive-100,0.8,29,7,"Action: Answer(""D"")
"
gpt-35-turbo,baseline,comprehensive-100,0.8,29,8,"Action: Answer(""E"")
"
gpt-35-turbo,baseline,comprehensive-100,0.8,29,9,"Action: Answer(""D"")
"
gpt-35-turbo,baseline,comprehensive-100,0.8,30,0,"Action: Answer(""B"")
"
gpt-35-turbo,baseline,comprehensive-100,0.8,30,1,"Action: Answer(""B"")
"
gpt-35-turbo,baseline,comprehensive-100,0.8,30,2,"Action: Answer(""D"")
"
gpt-35-turbo,baseline,comprehensive-100,0.8,30,3,"Action: Answer(""D"")
"
gpt-35-turbo,baseline,comprehensive-100,0.8,30,4,"Action: Answer(""B"")
"
gpt-35-turbo,baseline,comprehensive-100,0.8,30,5,"Action: Answer(""B"")
"
gpt-35-turbo,baseline,comprehensive-100,0.8,30,6,"Action: Answer(""D"")
"
gpt-35-turbo,baseline,comprehensive-100,0.8,30,7,"Action: Answer(""B"")
"
gpt-35-turbo,baseline,comprehensive-100,0.8,30,8,"Action: Answer(""D"")
"
gpt-35-turbo,baseline,comprehensive-100,0.8,30,9,"Action: Answer(""D"")
"
gpt-35-turbo,baseline,comprehensive-100,0.8,31,0,"Action: Answer(""E"")
"
gpt-35-turbo,baseline,comprehensive-100,0.8,31,1,"Action: Answer(""E"")
"
gpt-35-turbo,baseline,comprehensive-100,0.8,31,2,"Action: Answer(""E"")
"
gpt-35-turbo,baseline,comprehensive-100,0.8,31,3,"Action: Answer(""E"")
"
gpt-35-turbo,baseline,comprehensive-100,0.8,31,4,"Action: Answer(""E"")
"
gpt-35-turbo,baseline,comprehensive-100,0.8,31,5,"Action: Answer(""E"")
"
gpt-35-turbo,baseline,comprehensive-100,0.8,31,6,"Action: Answer(""E"")
"
gpt-35-turbo,baseline,comprehensive-100,0.8,31,7,"Action: Answer(""E"")
"
gpt-35-turbo,baseline,comprehensive-100,0.8,31,8,"Action: Answer(""E"")
"
gpt-35-turbo,baseline,comprehensive-100,0.8,31,9,"Action: Answer(""E"")
"
gpt-35-turbo,baseline,comprehensive-100,0.8,32,0,"Action: Answer(""B"")
"
gpt-35-turbo,baseline,comprehensive-100,0.8,32,1,"Action: Answer(""B"")
"
gpt-35-turbo,baseline,comprehensive-100,0.8,32,2,"Action: Answer(""B"")
"
gpt-35-turbo,baseline,comprehensive-100,0.8,32,3,"Action: Answer(""B"")
"
gpt-35-turbo,baseline,comprehensive-100,0.8,32,4,"Action: Answer(""B"")
"
gpt-35-turbo,baseline,comprehensive-100,0.8,32,5,"Action: Answer(""B"")
"
gpt-35-turbo,baseline,comprehensive-100,0.8,32,6,"Action: Answer(""B"")
"
gpt-35-turbo,baseline,comprehensive-100,0.8,32,7,"Action: Answer(""B"")
"
gpt-35-turbo,baseline,comprehensive-100,0.8,32,8,"Action: Answer(""B"")
"
gpt-35-turbo,baseline,comprehensive-100,0.8,32,9,"Action: Answer(""B"")
"
gpt-35-turbo,baseline,comprehensive-100,0.8,33,0,"Action: Answer(B)
"
gpt-35-turbo,baseline,comprehensive-100,0.8,33,1,"Action: Answer(""B"")
"
gpt-35-turbo,baseline,comprehensive-100,0.8,33,2,"Action: Answer(B)
"
gpt-35-turbo,baseline,comprehensive-100,0.8,33,3,"Action: Answer(""B"")
"
gpt-35-turbo,baseline,comprehensive-100,0.8,33,4,"Action: Answer(""B"")
"
gpt-35-turbo,baseline,comprehensive-100,0.8,33,5,"Action: Answer(""B"")
"
gpt-35-turbo,baseline,comprehensive-100,0.8,33,6,"Action: Answer(""B"")
"
gpt-35-turbo,baseline,comprehensive-100,0.8,33,7,"Action: Answer(""B"")
"
gpt-35-turbo,baseline,comprehensive-100,0.8,33,8,"Action: Answer(""B"")
"
gpt-35-turbo,baseline,comprehensive-100,0.8,33,9,"Action: Answer(""B"")
"
gpt-35-turbo,baseline,comprehensive-100,0.8,34,0,"Action: Answer(""E"")
"
gpt-35-turbo,baseline,comprehensive-100,0.8,34,1,"Action: Answer(""E"")
"
gpt-35-turbo,baseline,comprehensive-100,0.8,34,2,"Action: Answer(""E"")
"
gpt-35-turbo,baseline,comprehensive-100,0.8,34,3,"Action: Answer(""E"")
"
gpt-35-turbo,baseline,comprehensive-100,0.8,34,4,"Action: Answer(""E"")
"
gpt-35-turbo,baseline,comprehensive-100,0.8,34,5,"Action: Answer(""E"")
"
gpt-35-turbo,baseline,comprehensive-100,0.8,34,6,"Action: Answer(""E"")
"
gpt-35-turbo,baseline,comprehensive-100,0.8,34,7,"Action: Answer(""E"")
"
gpt-35-turbo,baseline,comprehensive-100,0.8,34,8,"Action: Answer(""E"")
"
gpt-35-turbo,baseline,comprehensive-100,0.8,34,9,"Action: Answer(""E"")
"
gpt-35-turbo,baseline,comprehensive-100,0.8,35,0,"Action: Answer(""A"")
"
gpt-35-turbo,baseline,comprehensive-100,0.8,35,1,"Action: Answer(""A"")
"
gpt-35-turbo,baseline,comprehensive-100,0.8,35,2,"Action: Answer(""E"")
"
gpt-35-turbo,baseline,comprehensive-100,0.8,35,3,"Action: Answer(""A"")
"
gpt-35-turbo,baseline,comprehensive-100,0.8,35,4,"Action: Answer(""E"")
"
gpt-35-turbo,baseline,comprehensive-100,0.8,35,5,"Action: Answer(""A"")
"
gpt-35-turbo,baseline,comprehensive-100,0.8,35,6,"Action: Answer(""A"")
"
gpt-35-turbo,baseline,comprehensive-100,0.8,35,7,"Action: Answer(""A"")
"
gpt-35-turbo,baseline,comprehensive-100,0.8,35,8,"Action: Answer(""A"")
"
gpt-35-turbo,baseline,comprehensive-100,0.8,35,9,"Action: Answer(""A"")
"
gpt-35-turbo,baseline,comprehensive-100,0.8,36,0,"Action: Answer(""D"")
"
gpt-35-turbo,baseline,comprehensive-100,0.8,36,1,"Action: Answer(""D"")
"
gpt-35-turbo,baseline,comprehensive-100,0.8,36,2,"Action: Answer(""D"")
"
gpt-35-turbo,baseline,comprehensive-100,0.8,36,3,"Action: Answer(""C"")
"
gpt-35-turbo,baseline,comprehensive-100,0.8,36,4,"Action: Answer(""D"")
"
gpt-35-turbo,baseline,comprehensive-100,0.8,36,5,"Action: Answer(""D"")
"
gpt-35-turbo,baseline,comprehensive-100,0.8,36,6,"Action: Answer(""D"")
"
gpt-35-turbo,baseline,comprehensive-100,0.8,36,7,"Action: Answer(""D"")
"
gpt-35-turbo,baseline,comprehensive-100,0.8,36,8,"Action: Answer(""D"")
"
gpt-35-turbo,baseline,comprehensive-100,0.8,36,9,"Action: Answer(""D"")
"
gpt-35-turbo,baseline,comprehensive-100,0.8,37,0,"Action: Answer(""B"")
"
gpt-35-turbo,baseline,comprehensive-100,0.8,37,1,"Action: Answer(""C"")
"
gpt-35-turbo,baseline,comprehensive-100,0.8,37,2,"Action: Answer(""C"")
"
gpt-35-turbo,baseline,comprehensive-100,0.8,37,3,"Action: Answer(""C"")
"
gpt-35-turbo,baseline,comprehensive-100,0.8,37,4,"Action: Answer(""B"")
"
gpt-35-turbo,baseline,comprehensive-100,0.8,37,5,"Action: Answer(""C"")
"
gpt-35-turbo,baseline,comprehensive-100,0.8,37,6,"Action: Answer(""B"")
"
gpt-35-turbo,baseline,comprehensive-100,0.8,37,7,"Action: Answer(""C"")
"
gpt-35-turbo,baseline,comprehensive-100,0.8,37,8,"Action: Answer(""C"")
"
gpt-35-turbo,baseline,comprehensive-100,0.8,37,9,"Action: Answer(""B"")
"
gpt-35-turbo,baseline,comprehensive-100,0.8,38,0,"Action: Answer(""B"")
"
gpt-35-turbo,baseline,comprehensive-100,0.8,38,1,"Action: Answer(""E"")
"
gpt-35-turbo,baseline,comprehensive-100,0.8,38,2,"Action: Answer(""E"")
"
gpt-35-turbo,baseline,comprehensive-100,0.8,38,3,"Action: Answer(""B"")
"
gpt-35-turbo,baseline,comprehensive-100,0.8,38,4,"Action: Answer(""B"")
"
gpt-35-turbo,baseline,comprehensive-100,0.8,38,5,"Action: Answer(""E"")
"
gpt-35-turbo,baseline,comprehensive-100,0.8,38,6,"Action: Answer(B)
"
gpt-35-turbo,baseline,comprehensive-100,0.8,38,7,"Action: Answer(""E"")
"
gpt-35-turbo,baseline,comprehensive-100,0.8,38,8,"Action: Answer(""E"")
"
gpt-35-turbo,baseline,comprehensive-100,0.8,38,9,"Action: Answer(""E"")
"
gpt-35-turbo,baseline,comprehensive-100,0.8,39,0,"Action: Answer(""A"")
"
gpt-35-turbo,baseline,comprehensive-100,0.8,39,1,"Action: Answer(""E"")
"
gpt-35-turbo,baseline,comprehensive-100,0.8,39,2,"Action: Answer(""A"")
"
gpt-35-turbo,baseline,comprehensive-100,0.8,39,3,"Action: Answer(""A"")
"
gpt-35-turbo,baseline,comprehensive-100,0.8,39,4,"Action: Answer(""E"")
"
gpt-35-turbo,baseline,comprehensive-100,0.8,39,5,"Action: Answer(""A"")
"
gpt-35-turbo,baseline,comprehensive-100,0.8,39,6,"Action: Answer(""A"")
"
gpt-35-turbo,baseline,comprehensive-100,0.8,39,7,"Action: Answer(""A"")
"
gpt-35-turbo,baseline,comprehensive-100,0.8,39,8,"Action: Answer(""E"")
"
gpt-35-turbo,baseline,comprehensive-100,0.8,39,9,"Action: Answer(""E"")
"
gpt-35-turbo,baseline,comprehensive-100,0.8,40,0,"Action: Answer(""C"")
"
gpt-35-turbo,baseline,comprehensive-100,0.8,40,1,"Action: Answer(""C"")
"
gpt-35-turbo,baseline,comprehensive-100,0.8,40,2,"Action: Answer(""C"")
"
gpt-35-turbo,baseline,comprehensive-100,0.8,40,3,"Action: Answer(""C"")
"
gpt-35-turbo,baseline,comprehensive-100,0.8,40,4,"Action: Answer(""C"")
"
gpt-35-turbo,baseline,comprehensive-100,0.8,40,5,"Action: Answer(""C"")
"
gpt-35-turbo,baseline,comprehensive-100,0.8,40,6,"Action: Answer(""C"")
"
gpt-35-turbo,baseline,comprehensive-100,0.8,40,7,"Action: Answer(""C"")
"
gpt-35-turbo,baseline,comprehensive-100,0.8,40,8,"Action: Answer(""C"")
"
gpt-35-turbo,baseline,comprehensive-100,0.8,40,9,"Action: Answer(""C"")
"
gpt-35-turbo,baseline,comprehensive-100,0.8,41,0,"Action: Answer(""D"")
"
gpt-35-turbo,baseline,comprehensive-100,0.8,41,1,"Action: Answer(""D"")
"
gpt-35-turbo,baseline,comprehensive-100,0.8,41,2,"Action: Answer(""D"")
"
gpt-35-turbo,baseline,comprehensive-100,0.8,41,3,"Action: Answer(""D"")
"
gpt-35-turbo,baseline,comprehensive-100,0.8,41,4,"Action: Answer(""D"")
"
gpt-35-turbo,baseline,comprehensive-100,0.8,41,5,"Action: Answer(""D"")
"
gpt-35-turbo,baseline,comprehensive-100,0.8,41,6,"Action: Answer(""D"")
"
gpt-35-turbo,baseline,comprehensive-100,0.8,41,7,"Action: Answer(""D"")
"
gpt-35-turbo,baseline,comprehensive-100,0.8,41,8,"Action: Answer(""D"")
"
gpt-35-turbo,baseline,comprehensive-100,0.8,41,9,"Action: Answer(""D"")
"
gpt-35-turbo,baseline,comprehensive-100,0.8,42,0,"Action: Answer(""C"")
"
gpt-35-turbo,baseline,comprehensive-100,0.8,42,1,"Action: Answer(""C"")
"
gpt-35-turbo,baseline,comprehensive-100,0.8,42,2,"Action: Answer(""C"")
"
gpt-35-turbo,baseline,comprehensive-100,0.8,42,3,"Action: Answer(""C"")  

"
gpt-35-turbo,baseline,comprehensive-100,0.8,42,4,"Action: Answer(""C"")
"
gpt-35-turbo,baseline,comprehensive-100,0.8,42,5,"Action: Answer(""C"")
"
gpt-35-turbo,baseline,comprehensive-100,0.8,42,6,"Action: Answer(""C"")
"
gpt-35-turbo,baseline,comprehensive-100,0.8,42,7,"Action: Answer(""C"")
"
gpt-35-turbo,baseline,comprehensive-100,0.8,42,8,"Action: Answer(""C"")
"
gpt-35-turbo,baseline,comprehensive-100,0.8,42,9,"Action: Answer(""C"")
"
gpt-35-turbo,baseline,comprehensive-100,0.8,43,0,"Action: Answer(""C"")
"
gpt-35-turbo,baseline,comprehensive-100,0.8,43,1,"Action: Answer(""C"")
"
gpt-35-turbo,baseline,comprehensive-100,0.8,43,2,"Action: Answer(""C"")
"
gpt-35-turbo,baseline,comprehensive-100,0.8,43,3,"Action: Answer(""C"")
"
gpt-35-turbo,baseline,comprehensive-100,0.8,43,4,"Action: Answer(""C"")
"
gpt-35-turbo,baseline,comprehensive-100,0.8,43,5,"Action: Answer(""C"")
"
gpt-35-turbo,baseline,comprehensive-100,0.8,43,6,"Action: Answer(""C"")
"
gpt-35-turbo,baseline,comprehensive-100,0.8,43,7,"Action: Answer(""C"")
"
gpt-35-turbo,baseline,comprehensive-100,0.8,43,8,"Action: Answer(""C"")
"
gpt-35-turbo,baseline,comprehensive-100,0.8,43,9,"Action: Answer(""C"")
"
gpt-35-turbo,baseline,comprehensive-100,0.8,44,0,"Action: Answer(""B"")
"
gpt-35-turbo,baseline,comprehensive-100,0.8,44,1,"Action: Answer(""B"")
"
gpt-35-turbo,baseline,comprehensive-100,0.8,44,2,"Action: Answer(""B"")
"
gpt-35-turbo,baseline,comprehensive-100,0.8,44,3,"Action: Answer(""B"")
"
gpt-35-turbo,baseline,comprehensive-100,0.8,44,4,"Action: Answer(""B"")
"
gpt-35-turbo,baseline,comprehensive-100,0.8,44,5,"Action: Answer(""B"")
"
gpt-35-turbo,baseline,comprehensive-100,0.8,44,6,"Action: Answer(""B"")
"
gpt-35-turbo,baseline,comprehensive-100,0.8,44,7,"Action: Answer(""B"")
"
gpt-35-turbo,baseline,comprehensive-100,0.8,44,8,"Action: Answer(""B"")
"
gpt-35-turbo,baseline,comprehensive-100,0.8,44,9,"Action: Answer(""B"")
"
gpt-35-turbo,baseline,comprehensive-100,0.8,45,0,"Action: Answer(""B"")
"
gpt-35-turbo,baseline,comprehensive-100,0.8,45,1,"Action: Answer(""C"")  

"
gpt-35-turbo,baseline,comprehensive-100,0.8,45,2,"Action: Answer(""B"")
"
gpt-35-turbo,baseline,comprehensive-100,0.8,45,3,"Action: Answer(""C"")  

"
gpt-35-turbo,baseline,comprehensive-100,0.8,45,4,"Action: Answer(""C"")  

"
gpt-35-turbo,baseline,comprehensive-100,0.8,45,5,"Action: Answer(""B"")
"
gpt-35-turbo,baseline,comprehensive-100,0.8,45,6,"Action: Answer(""C"")  

"
gpt-35-turbo,baseline,comprehensive-100,0.8,45,7,"Action: Answer(""C"") 
The author provides a translation of the proverb ""Tell me who you run with and I'll tell you who you are"" primarily in order to illustrate how a proverb can function as an appeal to traditional wisdom.
"
gpt-35-turbo,baseline,comprehensive-100,0.8,45,8,"Action: Answer(""B"")
"
gpt-35-turbo,baseline,comprehensive-100,0.8,45,9,"Action: Answer(""C"")  

"
gpt-35-turbo,baseline,comprehensive-100,0.8,46,0,"Action: Answer(""B"")
"
gpt-35-turbo,baseline,comprehensive-100,0.8,46,1,"Action: Answer(""B"")
"
gpt-35-turbo,baseline,comprehensive-100,0.8,46,2,"Action: Answer(""B"")
"
gpt-35-turbo,baseline,comprehensive-100,0.8,46,3,"Action: Answer(""B"")
"
gpt-35-turbo,baseline,comprehensive-100,0.8,46,4,"Action: Answer(""B"")
"
gpt-35-turbo,baseline,comprehensive-100,0.8,46,5,"Action: Answer(""B"")
"
gpt-35-turbo,baseline,comprehensive-100,0.8,46,6,"Action: Answer(""B"")
"
gpt-35-turbo,baseline,comprehensive-100,0.8,46,7,"Action: Answer(""B"")
"
gpt-35-turbo,baseline,comprehensive-100,0.8,46,8,"Action: Answer(""B"")
"
gpt-35-turbo,baseline,comprehensive-100,0.8,46,9,"Action: Answer(""B"")
"
gpt-35-turbo,baseline,comprehensive-100,0.8,47,0,"Action: Answer(""B"")
"
gpt-35-turbo,baseline,comprehensive-100,0.8,47,1,"Action: Answer(""B"")
"
gpt-35-turbo,baseline,comprehensive-100,0.8,47,2,"Action: Answer(""B"")
"
gpt-35-turbo,baseline,comprehensive-100,0.8,47,3,"Action: Answer(""B"")
"
gpt-35-turbo,baseline,comprehensive-100,0.8,47,4,"Action: Answer(""B"")
"
gpt-35-turbo,baseline,comprehensive-100,0.8,47,5,"Action: Answer(""B"")
"
gpt-35-turbo,baseline,comprehensive-100,0.8,47,6,"Action: Answer(""B"")
"
gpt-35-turbo,baseline,comprehensive-100,0.8,47,7,"Action: Answer(""B"")
"
gpt-35-turbo,baseline,comprehensive-100,0.8,47,8,"Action: Answer(""B"")
"
gpt-35-turbo,baseline,comprehensive-100,0.8,47,9,"Action: Answer(""B"")
"
gpt-35-turbo,baseline,comprehensive-100,0.8,48,0,"Action: Answer(""A"")
"
gpt-35-turbo,baseline,comprehensive-100,0.8,48,1,"Action: Answer(""A"")  

"
gpt-35-turbo,baseline,comprehensive-100,0.8,48,2,"Action: Answer(""A"")
"
gpt-35-turbo,baseline,comprehensive-100,0.8,48,3,"Action: Answer(""A"")
"
gpt-35-turbo,baseline,comprehensive-100,0.8,48,4,"Action: Answer(""A"")
"
gpt-35-turbo,baseline,comprehensive-100,0.8,48,5,"Action: Answer(""D"")
"
gpt-35-turbo,baseline,comprehensive-100,0.8,48,6,"Action: Answer(""A"")
"
gpt-35-turbo,baseline,comprehensive-100,0.8,48,7,"Action: Answer(""A"")
"
gpt-35-turbo,baseline,comprehensive-100,0.8,48,8,"Action: Answer(""A"")
"
gpt-35-turbo,baseline,comprehensive-100,0.8,48,9,"Action: Answer(""A"")
"
gpt-35-turbo,baseline,comprehensive-100,0.8,49,0,"Action: Answer(""B"")
"
gpt-35-turbo,baseline,comprehensive-100,0.8,49,1,"Action: Answer(""B"")
"
gpt-35-turbo,baseline,comprehensive-100,0.8,49,2,"Action: Answer(""B"")
"
gpt-35-turbo,baseline,comprehensive-100,0.8,49,3,"Action: Answer(""B"")
"
gpt-35-turbo,baseline,comprehensive-100,0.8,49,4,"Action: Answer(""B"")
"
gpt-35-turbo,baseline,comprehensive-100,0.8,49,5,"Action: Answer(""B"")
"
gpt-35-turbo,baseline,comprehensive-100,0.8,49,6,"Action: Answer(""B"")
"
gpt-35-turbo,baseline,comprehensive-100,0.8,49,7,"Action: Answer(""B"")
"
gpt-35-turbo,baseline,comprehensive-100,0.8,49,8,"Action: Answer(""B"")
"
gpt-35-turbo,baseline,comprehensive-100,0.8,49,9,"Action: Answer(""B"")
"
gpt-35-turbo,baseline,comprehensive-100,0.8,50,0,"Action: Answer(""C"")
"
gpt-35-turbo,baseline,comprehensive-100,0.8,50,1,"Action: Answer(""C"")
"
gpt-35-turbo,baseline,comprehensive-100,0.8,50,2,"Action: Answer(""C"")
"
gpt-35-turbo,baseline,comprehensive-100,0.8,50,3,"Action: Answer(""C"")
"
gpt-35-turbo,baseline,comprehensive-100,0.8,50,4,"Action: Answer(""C"")
"
gpt-35-turbo,baseline,comprehensive-100,0.8,50,5,"Action: Answer(""C"")
"
gpt-35-turbo,baseline,comprehensive-100,0.8,50,6,"Action: Answer(""C"")
"
gpt-35-turbo,baseline,comprehensive-100,0.8,50,7,"Action: Answer(""C"")
"
gpt-35-turbo,baseline,comprehensive-100,0.8,50,8,"Action: Answer(""C"")
"
gpt-35-turbo,baseline,comprehensive-100,0.8,50,9,"Action: Answer(""C"")
"
gpt-35-turbo,baseline,comprehensive-100,0.8,51,0,"Action: Answer(""A"")
"
gpt-35-turbo,baseline,comprehensive-100,0.8,51,1,"Action: Answer(""A"")
"
gpt-35-turbo,baseline,comprehensive-100,0.8,51,2,"Action: Answer(""D"")
"
gpt-35-turbo,baseline,comprehensive-100,0.8,51,3,"Action: Answer(""A"")
"
gpt-35-turbo,baseline,comprehensive-100,0.8,51,4,"Action: Answer(""D"")
"
gpt-35-turbo,baseline,comprehensive-100,0.8,51,5,"Action: Answer(""A"")
"
gpt-35-turbo,baseline,comprehensive-100,0.8,51,6,"Action: Answer(""A"")
"
gpt-35-turbo,baseline,comprehensive-100,0.8,51,7,"Action: Answer(""D"")
"
gpt-35-turbo,baseline,comprehensive-100,0.8,51,8,"Action: Answer(""A"")
"
gpt-35-turbo,baseline,comprehensive-100,0.8,51,9,"Action: Answer(""A"")
"
gpt-35-turbo,baseline,comprehensive-100,0.8,52,0,"Action: Answer(""C"")
"
gpt-35-turbo,baseline,comprehensive-100,0.8,52,1,"Action: Answer(""C"")
"
gpt-35-turbo,baseline,comprehensive-100,0.8,52,2,"Action: Answer(""C"")
"
gpt-35-turbo,baseline,comprehensive-100,0.8,52,3,"Action: Answer(""C"")
"
gpt-35-turbo,baseline,comprehensive-100,0.8,52,4,"Action: Answer(""C"")
"
gpt-35-turbo,baseline,comprehensive-100,0.8,52,5,"Action: Answer(""C"")
"
gpt-35-turbo,baseline,comprehensive-100,0.8,52,6,"Action: Answer(""C"")
"
gpt-35-turbo,baseline,comprehensive-100,0.8,52,7,"Action: Answer(""C"")
"
gpt-35-turbo,baseline,comprehensive-100,0.8,52,8,"Action: Answer(""C"")
"
gpt-35-turbo,baseline,comprehensive-100,0.8,52,9,"Action: Answer(""C"")
"
gpt-35-turbo,baseline,comprehensive-100,0.8,53,0,"Action: Answer(""B"")  

"
gpt-35-turbo,baseline,comprehensive-100,0.8,53,1,"Action: Answer(""B"")  

"
gpt-35-turbo,baseline,comprehensive-100,0.8,53,2,"Action: Answer(""B"")
"
gpt-35-turbo,baseline,comprehensive-100,0.8,53,3,"Action: Answer(""B"")
"
gpt-35-turbo,baseline,comprehensive-100,0.8,53,4,"Action: Answer(""B"")  

"
gpt-35-turbo,baseline,comprehensive-100,0.8,53,5,"Action: Answer(""B"")  

"
gpt-35-turbo,baseline,comprehensive-100,0.8,53,6,"Action: Answer(""B"")  

"
gpt-35-turbo,baseline,comprehensive-100,0.8,53,7,"Action: Answer(""B"")  

"
gpt-35-turbo,baseline,comprehensive-100,0.8,53,8,"Action: Answer(""B"")  

"
gpt-35-turbo,baseline,comprehensive-100,0.8,53,9,"Action: Answer(""B"")  

"
gpt-35-turbo,baseline,comprehensive-100,0.8,54,0,"Action: Answer(""D"")
"
gpt-35-turbo,baseline,comprehensive-100,0.8,54,1,"Action: Answer(""D"")
"
gpt-35-turbo,baseline,comprehensive-100,0.8,54,2,"Action: Answer(""D"")
"
gpt-35-turbo,baseline,comprehensive-100,0.8,54,3,"Action: Answer(""D"")
"
gpt-35-turbo,baseline,comprehensive-100,0.8,54,4,"Action: Answer(""D"")
"
gpt-35-turbo,baseline,comprehensive-100,0.8,54,5,"Action: Answer(""D"")
"
gpt-35-turbo,baseline,comprehensive-100,0.8,54,6,"Action: Answer(""D"")
"
gpt-35-turbo,baseline,comprehensive-100,0.8,54,7,"Action: Answer(""D"")
"
gpt-35-turbo,baseline,comprehensive-100,0.8,54,8,"Action: Answer(""D"")
"
gpt-35-turbo,baseline,comprehensive-100,0.8,54,9,"Action: Answer(""D"")
"
gpt-35-turbo,baseline,comprehensive-100,0.8,55,0,"Action: Answer(""D"")
"
gpt-35-turbo,baseline,comprehensive-100,0.8,55,1,"Action: Answer(""D"")  

"
gpt-35-turbo,baseline,comprehensive-100,0.8,55,2,"Action: Answer(""D"")
"
gpt-35-turbo,baseline,comprehensive-100,0.8,55,3,"Action: Answer(""D"")  

"
gpt-35-turbo,baseline,comprehensive-100,0.8,55,4,"Action: Answer(""D"")
"
gpt-35-turbo,baseline,comprehensive-100,0.8,55,5,"Action: Answer(""D"")
"
gpt-35-turbo,baseline,comprehensive-100,0.8,55,6,"Action: Answer(""D"")
"
gpt-35-turbo,baseline,comprehensive-100,0.8,55,7,"Action: Answer(""D"")  

"
gpt-35-turbo,baseline,comprehensive-100,0.8,55,8,"Action: Answer(""D"")
"
gpt-35-turbo,baseline,comprehensive-100,0.8,55,9,"Action: Answer(""D"")
"
gpt-35-turbo,baseline,comprehensive-100,0.8,56,0,"Answer(""A"")  

"
gpt-35-turbo,baseline,comprehensive-100,0.8,56,1,"Answer(""A"")
"
gpt-35-turbo,baseline,comprehensive-100,0.8,56,2,"Answer(""A"") 
"
gpt-35-turbo,baseline,comprehensive-100,0.8,56,3,"Answer(""A"")
"
gpt-35-turbo,baseline,comprehensive-100,0.8,56,4,"Answer(""A"")
"
gpt-35-turbo,baseline,comprehensive-100,0.8,56,5,"Answer(""A"")
"
gpt-35-turbo,baseline,comprehensive-100,0.8,56,6,"Answer(""A"") - The passage describes Lady Carlotta's encounter with a horse and its abusive owner, her previous experience with interfering in other people's business, and her new job as a governess to Claude, Wilfrid, Irene, and Viola, and her intimidating new employer, Mrs. Quabarl.
"
gpt-35-turbo,baseline,comprehensive-100,0.8,56,7,"Action: Answer(""A"")   

"
gpt-35-turbo,baseline,comprehensive-100,0.8,56,8,"Answer(""A"")
"
gpt-35-turbo,baseline,comprehensive-100,0.8,56,9,"Answer(""A"")
"
gpt-35-turbo,baseline,comprehensive-100,0.8,57,0,"Action: Answer(""A"")  
The research primarily relied on direct observation.
"
gpt-35-turbo,baseline,comprehensive-100,0.8,57,1,"Action: Answer(""A"")  
The researchers made direct observations of the flowers and the behavior of bees and beetles.
"
gpt-35-turbo,baseline,comprehensive-100,0.8,57,2,"Action: Answer(""A"")  
Theis and Adler's research primarily relied on direct observation as presented in the passage.
"
gpt-35-turbo,baseline,comprehensive-100,0.8,57,3,"Action: Answer(""A"")
"
gpt-35-turbo,baseline,comprehensive-100,0.8,57,4,"Action: Answer(""A"")  
The research conducted by Theis and Adler primarily relied on direct observation of the Texas gourd field and its pollinators.
"
gpt-35-turbo,baseline,comprehensive-100,0.8,57,5,"Action: Answer(""A"")  

"
gpt-35-turbo,baseline,comprehensive-100,0.8,57,6,"Action: Answer(""A"")  
The research conducted by Theis and Adler primarily relied on direct observation, as stated in the passage.
"
gpt-35-turbo,baseline,comprehensive-100,0.8,57,7,"Action: Answer(""A"")  

"
gpt-35-turbo,baseline,comprehensive-100,0.8,57,8,"Action: Answer(""A"")  

"
gpt-35-turbo,baseline,comprehensive-100,0.8,57,9,"Action: Answer(""A"")  

"
gpt-35-turbo,baseline,comprehensive-100,0.8,58,0,"Action: Answer(""B"")
"
gpt-35-turbo,baseline,comprehensive-100,0.8,58,1,"Action: Answer(""B"")
"
gpt-35-turbo,baseline,comprehensive-100,0.8,58,2,"Action: Answer(""B"")
"
gpt-35-turbo,baseline,comprehensive-100,0.8,58,3,"Action: Answer(""B"")
"
gpt-35-turbo,baseline,comprehensive-100,0.8,58,4,"Action: Answer(""B"")
"
gpt-35-turbo,baseline,comprehensive-100,0.8,58,5,"Action: Answer(""B"")
"
gpt-35-turbo,baseline,comprehensive-100,0.8,58,6,"Action: Answer(""B"")
"
gpt-35-turbo,baseline,comprehensive-100,0.8,58,7,"Action: Answer(""B"")
"
gpt-35-turbo,baseline,comprehensive-100,0.8,58,8,"Action: Answer(""B"")
"
gpt-35-turbo,baseline,comprehensive-100,0.8,58,9,"Action: Answer(""B"")
"
gpt-35-turbo,baseline,comprehensive-100,0.8,59,0,"Action: Answer(""D"")
"
gpt-35-turbo,baseline,comprehensive-100,0.8,59,1,"Action: Answer(""D"")
"
gpt-35-turbo,baseline,comprehensive-100,0.8,59,2,"Action: Answer(""D"")
"
gpt-35-turbo,baseline,comprehensive-100,0.8,59,3,"Action: Answer(""D"")
"
gpt-35-turbo,baseline,comprehensive-100,0.8,59,4,"Action: Answer(""D"")
"
gpt-35-turbo,baseline,comprehensive-100,0.8,59,5,"Action: Answer(""D"")
"
gpt-35-turbo,baseline,comprehensive-100,0.8,59,6,"Action: Answer(""D"")
"
gpt-35-turbo,baseline,comprehensive-100,0.8,59,7,"Action: Answer(""D"")
"
gpt-35-turbo,baseline,comprehensive-100,0.8,59,8,"Action: Answer(""D"")
"
gpt-35-turbo,baseline,comprehensive-100,0.8,59,9,"Action: Answer(""D"")
"
gpt-35-turbo,baseline,comprehensive-100,0.8,60,0,"Action: Answer(""B"")
"
gpt-35-turbo,baseline,comprehensive-100,0.8,60,1,"Action: Answer(""B"")
"
gpt-35-turbo,baseline,comprehensive-100,0.8,60,2,"Action: Answer(""B"")
"
gpt-35-turbo,baseline,comprehensive-100,0.8,60,3,"Action: Answer(""B"")
"
gpt-35-turbo,baseline,comprehensive-100,0.8,60,4,"Action: Answer(""B"")
"
gpt-35-turbo,baseline,comprehensive-100,0.8,60,5,"Action: Answer(""B"")
"
gpt-35-turbo,baseline,comprehensive-100,0.8,60,6,"Action: Answer(""B"")  

"
gpt-35-turbo,baseline,comprehensive-100,0.8,60,7,"Action: Answer(""B"")
"
gpt-35-turbo,baseline,comprehensive-100,0.8,60,8,"Action: Answer(""B"")
"
gpt-35-turbo,baseline,comprehensive-100,0.8,60,9,"Action: Answer(""B"")
"
gpt-35-turbo,baseline,comprehensive-100,0.8,61,0,"Action: Answer(""3"")
"
gpt-35-turbo,baseline,comprehensive-100,0.8,61,1,"Action: Answer(""3"")
"
gpt-35-turbo,baseline,comprehensive-100,0.8,61,2,"Action: Answer(""3"")
"
gpt-35-turbo,baseline,comprehensive-100,0.8,61,3,"Action: Answer(""3"")
"
gpt-35-turbo,baseline,comprehensive-100,0.8,61,4,"Action: Answer(""3"")
"
gpt-35-turbo,baseline,comprehensive-100,0.8,61,5,"Action: Answer(""3"")
"
gpt-35-turbo,baseline,comprehensive-100,0.8,61,6,"Action: Answer(""3"")
"
gpt-35-turbo,baseline,comprehensive-100,0.8,61,7,"Action: Answer(""3"")
"
gpt-35-turbo,baseline,comprehensive-100,0.8,61,8,"Action: Answer(""3"")
"
gpt-35-turbo,baseline,comprehensive-100,0.8,61,9,"Action: Answer(""3"")
"
gpt-35-turbo,baseline,comprehensive-100,0.8,62,0,"Action: Answer(""B"")
"
gpt-35-turbo,baseline,comprehensive-100,0.8,62,1,"Action: Answer(""B"")
"
gpt-35-turbo,baseline,comprehensive-100,0.8,62,2,"Action: Answer(""B"")
"
gpt-35-turbo,baseline,comprehensive-100,0.8,62,3,"Action: Answer(""B"")
"
gpt-35-turbo,baseline,comprehensive-100,0.8,62,4,"Action: Answer(""D"")
"
gpt-35-turbo,baseline,comprehensive-100,0.8,62,5,"Action: Answer(""B"")
"
gpt-35-turbo,baseline,comprehensive-100,0.8,62,6,"Action: Answer(""B"")
"
gpt-35-turbo,baseline,comprehensive-100,0.8,62,7,"First, we simplify the equation as follows:
$$\frac{x}{x-3}=\frac{2 x}{2} \Rightarrow \frac{x}{x-3}=x \Rightarrow x(x-3)=x(x-3)$$
This equation is true for any value of $x$, except for $x=3$, which would make the denominator zero. Therefore, the solution is:
$$x \in \mathbb{R}, x \neq 3$$

Answer: None of the above.
"
gpt-35-turbo,baseline,comprehensive-100,0.8,62,8,"Action: Answer(""B"")
"
gpt-35-turbo,baseline,comprehensive-100,0.8,62,9,"Action: Answer(""B"")
"
gpt-35-turbo,baseline,comprehensive-100,0.8,63,0,"1 decagram = 10 grams = 10,000 milligrams

2 decagrams = 2 x 10,000 = 20,000 milligrams

Therefore, there are 20,000/1 = 20,000 one-milligram doses in one 2-decagram container.

Action: Answer(""D"")
"
gpt-35-turbo,baseline,comprehensive-100,0.8,63,1,"Action: Answer(""D"")
"
gpt-35-turbo,baseline,comprehensive-100,0.8,63,2,"Action: Answer(""D"")
"
gpt-35-turbo,baseline,comprehensive-100,0.8,63,3,"Since 1 decagram = 10 grams and 1,000 milligrams = 1 gram, we have:

$$
\begin{aligned} 2 \text{ decagrams} &= 2 \times 10 \text{ grams} \\ &= 20 \text{ grams} \\ &= 20 \times 1000 \text{ milligrams} \\ &= 20,000 \text{ milligrams} \end{aligned}
$$

Therefore, there are 20,000 1-milligram doses in one 2-decagram container. 

Action: Answer(""D"")
"
gpt-35-turbo,baseline,comprehensive-100,0.8,63,4,"To convert from decagrams to grams, we must multiply by 10. Therefore, one 2-decagram container is equal to $2\cdot 10=20$ grams. To convert from grams to milligrams, we must multiply by 1000. Therefore, the container has $20\cdot 1000 = 20,000$ milligrams of medicine. Since we want to know how many 1-milligram doses are in the container, we divide by 1 milligram: $$\frac{20,000\text{ mg}}{1\text{ mg}}=20,000$$ Answer: $\boxed{\textbf{(D) }20,\!000}$.
"
gpt-35-turbo,baseline,comprehensive-100,0.8,63,5,"First, let us convert 2 decagrams to grams. Since 1 decagram = 10 grams, then 2 decagrams = 20 grams. 

Next, we need to find how many milligrams are in 20 grams. Since 1 gram = 1000 milligrams, then 20 grams = 20,000 milligrams.

Finally, we divide 20,000 milligrams by 1 milligram per dose to get:

Action: Answer(""D"") $20,\!000$
"
gpt-35-turbo,baseline,comprehensive-100,0.8,63,6,"There are 10 grams in one decagram.  
So, there are 20 grams in two decagrams.  
There are 1,000 milligrams in one gram.  
So, there are 20,000 milligrams in 20 grams.  

Therefore, there are 20,000 1-milligram doses in one 2-decagram container.  

Action: Answer(""D"")
"
gpt-35-turbo,baseline,comprehensive-100,0.8,63,7,"There are 20 grams in a 2-decagram container because $2 \times 10 = 20.$ There are 1,000 milligrams in a gram, so there are $20 \times 1,\!000 = 20,\!000$ milligrams in a 20-gram container. Therefore, there are $\boxed{\textbf{(C)}\ 2,\!000}$ 1-milligram doses in a 2-decagram container. 

Action: Answer(""C"")
"
gpt-35-turbo,baseline,comprehensive-100,0.8,63,8,"To convert 2 decagrams to milligrams, we need to use the given conversion factors: $1 \text{ decagram} = 100 \text{ centigrams}$ (since there are 10 centigrams per gram, and 1 decagram is 10 grams), $1 \text{ centigram} = 10 \text{ milligrams}$, so $2 \text{ decagrams} = 200 \text{ centigrams} = 2,\!000 \text{ milligrams}$. Since there are $1,\!000$ milligrams in a gram, there are $2,\!000$ milligrams in $2$ decagrams or $2,\!000$ 1-milligram doses. 

Action: Answer(""C"")
"
gpt-35-turbo,baseline,comprehensive-100,0.8,63,9,"We can use unit conversions to solve this problem. 
\begin{align*}
2 \text{ decagrams} &= 2 \cdot 10 \text{ grams} &= 20 \text{ grams} \\
20 \text{ grams} &= 20 \cdot 1000 \text{ milligrams} &= 20,000 \text{ milligrams}
\end{align*}
Therefore, there are 20,000 milligrams in one 2-decagram container. 

Action: Answer(""D"")
"
gpt-35-turbo,baseline,comprehensive-100,0.8,64,0,"Action: Answer(""A"")
"
gpt-35-turbo,baseline,comprehensive-100,0.8,64,1,"Action: Answer(""A"")
"
gpt-35-turbo,baseline,comprehensive-100,0.8,64,2,"Action: Answer(""A"")
"
gpt-35-turbo,baseline,comprehensive-100,0.8,64,3,"Action: Answer(""A"")
"
gpt-35-turbo,baseline,comprehensive-100,0.8,64,4,"Action: Answer(""A"")
"
gpt-35-turbo,baseline,comprehensive-100,0.8,64,5,"Action: Answer(""A"")
"
gpt-35-turbo,baseline,comprehensive-100,0.8,64,6,"Action: Answer(""A"")
"
gpt-35-turbo,baseline,comprehensive-100,0.8,64,7,"Action: Answer(""A"")
"
gpt-35-turbo,baseline,comprehensive-100,0.8,64,8,"Action: Answer(""A"")
"
gpt-35-turbo,baseline,comprehensive-100,0.8,64,9,"Action: Answer(""A"")
"
gpt-35-turbo,baseline,comprehensive-100,0.8,65,0,"Action: Answer(""A"")
"
gpt-35-turbo,baseline,comprehensive-100,0.8,65,1,"Action: Answer(""A"")
"
gpt-35-turbo,baseline,comprehensive-100,0.8,65,2,"Action: Answer(""A"")
"
gpt-35-turbo,baseline,comprehensive-100,0.8,65,3,"Action: Answer(""A"")
"
gpt-35-turbo,baseline,comprehensive-100,0.8,65,4,"Action: Answer(""A"")
"
gpt-35-turbo,baseline,comprehensive-100,0.8,65,5,"Action: Answer(""A"")
"
gpt-35-turbo,baseline,comprehensive-100,0.8,65,6,"Action: Answer(""A"")
"
gpt-35-turbo,baseline,comprehensive-100,0.8,65,7,"Action: Answer(""A"")
"
gpt-35-turbo,baseline,comprehensive-100,0.8,65,8,"Action: Answer(""A"")
"
gpt-35-turbo,baseline,comprehensive-100,0.8,65,9,"Action: Answer(""A"")
"
gpt-35-turbo,baseline,comprehensive-100,0.8,66,0,"To solve this problem we can use the point-slope form of the equation of a line, which is: 

$y - y_1 = m(x - x_1)$

where $m$ is the slope and $(x_1, y_1)$ is a point on the line.

We are given that the line passes through the origin, so we can use $(0,0)$ as our point. Substituting $m = 1/7$ and $(x_1, y_1) = (0,0)$, we get:

$y - 0 = \frac{1}{7}(x - 0)$

Simplifying, we get:

$y = \frac{1}{7}x$

Now we can check which of the given points lies on this line by substituting their coordinates into this equation. We see that only point $\boxed{\textbf{(A)}\ (0,7)}$ satisfies the equation. 

So the answer is: 

Action: Answer(""A"")
"
gpt-35-turbo,baseline,comprehensive-100,0.8,66,1,"Action: Answer(""A"")
"
gpt-35-turbo,baseline,comprehensive-100,0.8,66,2,"We can use the point-slope form of the equation of a line with point $(0,0)$ and slope $\dfrac{1}{7}$ to obtain:
\begin{align*}
y-0 &= \frac{1}{7}(x-0) \\
y &= \frac{1}{7}x
\end{align*}
We can now check each of the points to see if it satisfies this equation. 

Action: Answer(""A"")
"
gpt-35-turbo,baseline,comprehensive-100,0.8,66,3,"Action: Answer(""A"")
"
gpt-35-turbo,baseline,comprehensive-100,0.8,66,4,"Action: Answer(""C"")
"
gpt-35-turbo,baseline,comprehensive-100,0.8,66,5,"Action: Answer(""A"")
"
gpt-35-turbo,baseline,comprehensive-100,0.8,66,6,"Slope-intercept form of a line is $y = mx + b$ where $m$ is the slope and $b$ is the y-intercept. Since the line passes through the origin, $b=0$. Thus, the equation of the line is $y=\frac{1}{7}x$. 

Action: Answer(""C"")
"
gpt-35-turbo,baseline,comprehensive-100,0.8,66,7,"Action: Answer(""A"")
"
gpt-35-turbo,baseline,comprehensive-100,0.8,66,8,"Action: Answer(""A"")
"
gpt-35-turbo,baseline,comprehensive-100,0.8,66,9,"Action: Answer(""C"")
"
gpt-35-turbo,baseline,comprehensive-100,0.8,67,0,"Action: Answer(""A"")
"
gpt-35-turbo,baseline,comprehensive-100,0.8,67,1,"Action: Answer(""D"")
"
gpt-35-turbo,baseline,comprehensive-100,0.8,67,2,"Action: Answer(""A"")
"
gpt-35-turbo,baseline,comprehensive-100,0.8,67,3,"Action: Answer(""A"")
"
gpt-35-turbo,baseline,comprehensive-100,0.8,67,4,"Action: Answer(""A"")
"
gpt-35-turbo,baseline,comprehensive-100,0.8,67,5,"Action: Answer(""D"")
"
gpt-35-turbo,baseline,comprehensive-100,0.8,67,6,"Action: Answer(""D"")
"
gpt-35-turbo,baseline,comprehensive-100,0.8,67,7,"Action: Answer(""A"")
"
gpt-35-turbo,baseline,comprehensive-100,0.8,67,8,"Action: Answer(""A"")
"
gpt-35-turbo,baseline,comprehensive-100,0.8,67,9,"Action: Answer(""D"")
"
gpt-35-turbo,baseline,comprehensive-100,0.8,68,0,"Action: Answer(""B"")
"
gpt-35-turbo,baseline,comprehensive-100,0.8,68,1,"Action: Answer(""B"")
"
gpt-35-turbo,baseline,comprehensive-100,0.8,68,2,"Action: Answer(""B"")
"
gpt-35-turbo,baseline,comprehensive-100,0.8,68,3,"Action: Answer(""2"")
"
gpt-35-turbo,baseline,comprehensive-100,0.8,68,4,"Action: Answer(""2"")
"
gpt-35-turbo,baseline,comprehensive-100,0.8,68,5,"Action: Answer(""2"")
"
gpt-35-turbo,baseline,comprehensive-100,0.8,68,6,"Action: Answer(""B"")
"
gpt-35-turbo,baseline,comprehensive-100,0.8,68,7,"Action: Answer(""B"")
"
gpt-35-turbo,baseline,comprehensive-100,0.8,68,8,"Action: Answer(""2"")
"
gpt-35-turbo,baseline,comprehensive-100,0.8,68,9,"Action: Answer(""2"")
"
gpt-35-turbo,baseline,comprehensive-100,0.8,69,0,"Out of the 39 people who recalled 1 or more dreams, 68 recalled 5 or more dreams in Group Y. Therefore, the probability that a person recalled at least 1 dream and belonged to Group Y is $\frac{68}{39}$. 

Action: Answer(""C"")
"
gpt-35-turbo,baseline,comprehensive-100,0.8,69,1,"Out of the 39 people who recalled at least one dream, the table shows that 68 - 39 = 29 people in Group Y must have recalled at least one dream. So the probability that a person chosen at random who recalled at least one dream belonged to Group Y is: $$\frac{29}{39} = \frac{79}{164}$$ Action: Answer(""C"")
"
gpt-35-turbo,baseline,comprehensive-100,0.8,69,2,"Among those who recalled at least 1 dream, there were a total of $39+125=164$ people. And among these 164 people, $68$ belonged to Group Y. Therefore, the probability that the person belonged to Group Y is:
$$\frac{\text{number of people who recalled at least 1 dream in Group Y}}{\text{total number of people who recalled at least 1 dream}}=\frac{68}{164}$$
Action: Answer(""C"")
"
gpt-35-turbo,baseline,comprehensive-100,0.8,69,3,"There are a total of 39 + 125 = 164 people who recalled at least one dream. Of these 125 are from Group X and 68 are from Group Y, giving a total of 125 + 68 = 193 people. The probability that a person belonged to Group Y given that the person recalled at least one dream is 68/193. 

Action: Answer(""C"")
"
gpt-35-turbo,baseline,comprehensive-100,0.8,69,4,"Out of the 39 people who recalled 1 or more dream, 68 - 11 = 57 people belonged to Group Y. Therefore, the probability that the person belonged to Group Y is:

$$\frac{57}{39} = \frac{3}{2} = \boxed{\textbf{(B) } \frac{79}{100}}$$
"
gpt-35-turbo,baseline,comprehensive-100,0.8,69,5,"The probability of selecting a person who recalled at least 1 dream is given by the following fraction:

$$\frac{39+125}{200} = \frac{164}{200}$$

The probability of selecting a person who recalled at least 1 dream and belonged to Group Y is $\frac{68}{200}$. Therefore, the probability of selecting a person who recalled at least 1 dream and belonged to Group Y is:

$$\frac{68}{200} \div \frac{164}{200} = \frac{68}{164}$$

Simplifying the fraction above, we get:

$$\frac{68}{164} = \frac{17}{41}$$

Answer: Answer(""C"")
"
gpt-35-turbo,baseline,comprehensive-100,0.8,69,6,"The probability that the person belonged to Group Y when chosen at random from those who recalled at least 1 dream is the number of people in Group Y who recalled 1 or more dreams divided by the total number of people who recalled 1 or more dreams.

Out of the 39 people who recalled 1 or more dreams, 68 - 21 = 47 people are from Group Y. So the probability is:

\begin{align*}
\frac{47}{39} &= \frac{47}{125 - 36} \\
&= \frac{47}{89} \\
&= \boxed{\textbf{(C) } \frac{79}{164}}
\end{align*}
"
gpt-35-turbo,baseline,comprehensive-100,0.8,69,7,"The total number of people who recalled at least one dream is $39+125=164$. Out of these, 68 people were from Group Y. Therefore, the probability that a person who recalled at least one dream belonged to Group Y is:

$$\frac{\text{Number of people in Group Y who recalled at least one dream}}{\text{Total number of people who recalled at least one dream}}=\frac{68}{164}$$

So the answer is (C): $\frac{79}{164}$.
"
gpt-35-turbo,baseline,comprehensive-100,0.8,69,8,"The probability that the person belonged to Group Y is equal to the number of people in Group Y who recalled at least 1 dream divided by the total number of people who recalled at least 1 dream. We can find these numbers from the table as follows: The number of people in Group Y who recalled at least 1 dream is $100-21=79$. The total number of people who recalled at least 1 dream is $28+57+11+68=164$. Therefore, the probability that the person belonged to Group Y is $\frac{79}{164}$. 

Action: Answer(""C"")
"
gpt-35-turbo,baseline,comprehensive-100,0.8,69,9,"The probability that the person belonged to Group Y is equal to the number of people who belonged to Group Y and recalled at least 1 dream divided by the total number of people who recalled at least 1 dream. This can be expressed as $\frac{68}{39+68} = \frac{68}{107}$. 

Simplifying this fraction, we get $\frac{68}{107} = \frac{4}{7}$. 

Therefore, the answer is:

Action: Answer(""None of the Above"") 

Explanation: None of the choices is equal to $\frac{4}{7}$.
"
gpt-35-turbo,baseline,comprehensive-100,0.8,70,0,"Action: Answer(""A"")
"
gpt-35-turbo,baseline,comprehensive-100,0.8,70,1,"Action: Answer(""A"")
"
gpt-35-turbo,baseline,comprehensive-100,0.8,70,2,"Action: Answer(""A"")
"
gpt-35-turbo,baseline,comprehensive-100,0.8,70,3,"Action: Answer(""A"")
"
gpt-35-turbo,baseline,comprehensive-100,0.8,70,4,"Action: Answer(""A"")
"
gpt-35-turbo,baseline,comprehensive-100,0.8,70,5,"Action: Answer(""A"")
"
gpt-35-turbo,baseline,comprehensive-100,0.8,70,6,"Action: Answer(""A"")
"
gpt-35-turbo,baseline,comprehensive-100,0.8,70,7,"Action: Answer(""A"")
"
gpt-35-turbo,baseline,comprehensive-100,0.8,70,8,"Action: Answer(""A"")
"
gpt-35-turbo,baseline,comprehensive-100,0.8,70,9,"Action: Answer(""A"")
"
gpt-35-turbo,baseline,comprehensive-100,0.8,71,0,"Action: Answer(""A"")
"
gpt-35-turbo,baseline,comprehensive-100,0.8,71,1,"Action: Answer(""A"")
"
gpt-35-turbo,baseline,comprehensive-100,0.8,71,2,"Action: Answer(""A"")
"
gpt-35-turbo,baseline,comprehensive-100,0.8,71,3,"Action: Answer(""A"")
"
gpt-35-turbo,baseline,comprehensive-100,0.8,71,4,"Action: Answer(""A"")
"
gpt-35-turbo,baseline,comprehensive-100,0.8,71,5,"Action: Answer(""A"")
"
gpt-35-turbo,baseline,comprehensive-100,0.8,71,6,"Action: Answer(""A"")
"
gpt-35-turbo,baseline,comprehensive-100,0.8,71,7,"Action: Answer(""A"")
"
gpt-35-turbo,baseline,comprehensive-100,0.8,71,8,"Action: Answer(""A"")
"
gpt-35-turbo,baseline,comprehensive-100,0.8,71,9,"Action: Answer(""A"")
"
gpt-35-turbo,baseline,comprehensive-100,0.8,72,0,"Action: Answer(""D"")
"
gpt-35-turbo,baseline,comprehensive-100,0.8,72,1,"Action: Answer(""D"")
"
gpt-35-turbo,baseline,comprehensive-100,0.8,72,2,"Action: Answer(""D"")
"
gpt-35-turbo,baseline,comprehensive-100,0.8,72,3,"Action: Answer(""D"")
"
gpt-35-turbo,baseline,comprehensive-100,0.8,72,4,"Action: Answer(""D"")
"
gpt-35-turbo,baseline,comprehensive-100,0.8,72,5,"Action: Answer(""D"")
"
gpt-35-turbo,baseline,comprehensive-100,0.8,72,6,"Action: Answer(""D"")
"
gpt-35-turbo,baseline,comprehensive-100,0.8,72,7,"Action: Answer(""D"")
"
gpt-35-turbo,baseline,comprehensive-100,0.8,72,8,"Action: Answer(""D"")
"
gpt-35-turbo,baseline,comprehensive-100,0.8,72,9,"Action: Answer(""D"")
"
gpt-35-turbo,baseline,comprehensive-100,0.8,73,0,"Action: Answer(""B"")
"
gpt-35-turbo,baseline,comprehensive-100,0.8,73,1,"Action: Answer(""B"")
"
gpt-35-turbo,baseline,comprehensive-100,0.8,73,2,"Action: Answer(""B"")
"
gpt-35-turbo,baseline,comprehensive-100,0.8,73,3,"Action: Answer(""B"")
"
gpt-35-turbo,baseline,comprehensive-100,0.8,73,4,"Action: Answer(""B"")
"
gpt-35-turbo,baseline,comprehensive-100,0.8,73,5,"Action: Answer(""B"")
"
gpt-35-turbo,baseline,comprehensive-100,0.8,73,6,"Action: Answer(""B"")
"
gpt-35-turbo,baseline,comprehensive-100,0.8,73,7,"Action: Answer(""B"")
"
gpt-35-turbo,baseline,comprehensive-100,0.8,73,8,"Action: Answer(""B"")
"
gpt-35-turbo,baseline,comprehensive-100,0.8,73,9,"Action: Answer(""B"")
"
gpt-35-turbo,baseline,comprehensive-100,0.8,74,0,"Action: Answer(""D"")
"
gpt-35-turbo,baseline,comprehensive-100,0.8,74,1,"Action: Answer(""D"")
"
gpt-35-turbo,baseline,comprehensive-100,0.8,74,2,"Action: Answer(""D"")
"
gpt-35-turbo,baseline,comprehensive-100,0.8,74,3,"Action: Answer(""D"")
"
gpt-35-turbo,baseline,comprehensive-100,0.8,74,4,"Action: Answer(""D"")
"
gpt-35-turbo,baseline,comprehensive-100,0.8,74,5,"Action: Answer(""D"")
"
gpt-35-turbo,baseline,comprehensive-100,0.8,74,6,"Action: Answer(""D"")
"
gpt-35-turbo,baseline,comprehensive-100,0.8,74,7,"Action: Answer(""D"")
"
gpt-35-turbo,baseline,comprehensive-100,0.8,74,8,"Action: Answer(""D"")
"
gpt-35-turbo,baseline,comprehensive-100,0.8,74,9,"Action: Answer(""D"")
"
gpt-35-turbo,baseline,comprehensive-100,0.8,75,0,"Action: Answer(""D"")
"
gpt-35-turbo,baseline,comprehensive-100,0.8,75,1,"Action: Answer(""D"")
"
gpt-35-turbo,baseline,comprehensive-100,0.8,75,2,"Action: Answer(""D"")
"
gpt-35-turbo,baseline,comprehensive-100,0.8,75,3,"Action: Answer(""D"")
"
gpt-35-turbo,baseline,comprehensive-100,0.8,75,4,"Action: Answer(""D"")
"
gpt-35-turbo,baseline,comprehensive-100,0.8,75,5,"Action: Answer(""D"")
"
gpt-35-turbo,baseline,comprehensive-100,0.8,75,6,"Action: Answer(""D"")
"
gpt-35-turbo,baseline,comprehensive-100,0.8,75,7,"Action: Answer(""D"")
"
gpt-35-turbo,baseline,comprehensive-100,0.8,75,8,"Action: Answer(""D"")
"
gpt-35-turbo,baseline,comprehensive-100,0.8,75,9,"Action: Answer(""D"")
"
gpt-35-turbo,baseline,comprehensive-100,0.8,76,0,"Action: Answer(""B"")
"
gpt-35-turbo,baseline,comprehensive-100,0.8,76,1,"Action: Answer(""A"")
"
gpt-35-turbo,baseline,comprehensive-100,0.8,76,2,"Action: Answer(""B"")
"
gpt-35-turbo,baseline,comprehensive-100,0.8,76,3,"Action: Answer(""A"")
"
gpt-35-turbo,baseline,comprehensive-100,0.8,76,4,"Action: Answer(""B"")
"
gpt-35-turbo,baseline,comprehensive-100,0.8,76,5,"Action: Answer(""A"")
"
gpt-35-turbo,baseline,comprehensive-100,0.8,76,6,"Action: Answer(""B"")
"
gpt-35-turbo,baseline,comprehensive-100,0.8,76,7,"Action: Answer(""A"")
"
gpt-35-turbo,baseline,comprehensive-100,0.8,76,8,"Action: Answer(""B"")
"
gpt-35-turbo,baseline,comprehensive-100,0.8,76,9,"Action: Answer(""B"")
"
gpt-35-turbo,baseline,comprehensive-100,0.8,77,0,"Action: Answer(""C"")
"
gpt-35-turbo,baseline,comprehensive-100,0.8,77,1,"Action: Answer(""C"")
"
gpt-35-turbo,baseline,comprehensive-100,0.8,77,2,"Action: Answer(""C"")
"
gpt-35-turbo,baseline,comprehensive-100,0.8,77,3,"Action: Answer(""C"")
"
gpt-35-turbo,baseline,comprehensive-100,0.8,77,4,"Action: Answer(""C"")
"
gpt-35-turbo,baseline,comprehensive-100,0.8,77,5,"Action: Answer(""C"")
"
gpt-35-turbo,baseline,comprehensive-100,0.8,77,6,"Action: Answer(""C"")
"
gpt-35-turbo,baseline,comprehensive-100,0.8,77,7,"Action: Answer(""C"")
"
gpt-35-turbo,baseline,comprehensive-100,0.8,77,8,"Action: Answer(""C"")
"
gpt-35-turbo,baseline,comprehensive-100,0.8,77,9,"Action: Answer(""C"")
"
gpt-35-turbo,baseline,comprehensive-100,0.8,78,0,"Action: Answer(""C"")
"
gpt-35-turbo,baseline,comprehensive-100,0.8,78,1,"Action: Answer(""C"")
"
gpt-35-turbo,baseline,comprehensive-100,0.8,78,2,"Action: Answer(""C"")
"
gpt-35-turbo,baseline,comprehensive-100,0.8,78,3,"Action: Answer(""C"")
"
gpt-35-turbo,baseline,comprehensive-100,0.8,78,4,"Action: Answer(""C"")
"
gpt-35-turbo,baseline,comprehensive-100,0.8,78,5,"Action: Answer(""C"")
"
gpt-35-turbo,baseline,comprehensive-100,0.8,78,6,"Action: Answer(""C"")
"
gpt-35-turbo,baseline,comprehensive-100,0.8,78,7,"Action: Answer(""C"")
"
gpt-35-turbo,baseline,comprehensive-100,0.8,78,8,"Action: Answer(""C"")
"
gpt-35-turbo,baseline,comprehensive-100,0.8,78,9,"Action: Answer(""C"")
"
gpt-35-turbo,baseline,comprehensive-100,0.8,79,0,"Action: Answer(""A"")
"
gpt-35-turbo,baseline,comprehensive-100,0.8,79,1,"Action: Answer(""A"")
"
gpt-35-turbo,baseline,comprehensive-100,0.8,79,2,"Action: Answer(""A"")
"
gpt-35-turbo,baseline,comprehensive-100,0.8,79,3,"Action: Answer(""A"")
"
gpt-35-turbo,baseline,comprehensive-100,0.8,79,4,"Action: Answer(""A"")
"
gpt-35-turbo,baseline,comprehensive-100,0.8,79,5,"Action: Answer(""A"")
"
gpt-35-turbo,baseline,comprehensive-100,0.8,79,6,"Action: Answer(""A"")
"
gpt-35-turbo,baseline,comprehensive-100,0.8,79,7,"Action: Answer(""A"") 
"
gpt-35-turbo,baseline,comprehensive-100,0.8,79,8,"Action: Answer(""A"")
"
gpt-35-turbo,baseline,comprehensive-100,0.8,79,9,"Action: Answer(""A"")
"
gpt-35-turbo,baseline,comprehensive-100,0.8,80,0,"Action: Answer(""C"")
"
gpt-35-turbo,baseline,comprehensive-100,0.8,80,1,"Action: Answer(""C"")
"
gpt-35-turbo,baseline,comprehensive-100,0.8,80,2,"Action: Answer(""C"")
"
gpt-35-turbo,baseline,comprehensive-100,0.8,80,3,"Action: Answer(""C"")
"
gpt-35-turbo,baseline,comprehensive-100,0.8,80,4,"Action: Answer(""C"")
"
gpt-35-turbo,baseline,comprehensive-100,0.8,80,5,"Action: Answer(""C"")
"
gpt-35-turbo,baseline,comprehensive-100,0.8,80,6,"Action: Answer(""C"")
"
gpt-35-turbo,baseline,comprehensive-100,0.8,80,7,"Action: Answer(""C"")
"
gpt-35-turbo,baseline,comprehensive-100,0.8,80,8,"Action: Answer(""C"")
"
gpt-35-turbo,baseline,comprehensive-100,0.8,80,9,"Action: Answer(""C"")
"
gpt-35-turbo,baseline,comprehensive-100,0.8,81,0,"Action: Answer(""A"")
"
gpt-35-turbo,baseline,comprehensive-100,0.8,81,1,"Action: Answer(""A"")
"
gpt-35-turbo,baseline,comprehensive-100,0.8,81,2,"Action: Answer(""A"")
"
gpt-35-turbo,baseline,comprehensive-100,0.8,81,3,"Action: Answer(""A"")
"
gpt-35-turbo,baseline,comprehensive-100,0.8,81,4,"Action: Answer(""A"")
"
gpt-35-turbo,baseline,comprehensive-100,0.8,81,5,"Action: Answer(""A"")
"
gpt-35-turbo,baseline,comprehensive-100,0.8,81,6,"Action: Answer(""A"")
"
gpt-35-turbo,baseline,comprehensive-100,0.8,81,7,"Action: Answer(""A"")
"
gpt-35-turbo,baseline,comprehensive-100,0.8,81,8,"Action: Answer(""A"")
"
gpt-35-turbo,baseline,comprehensive-100,0.8,81,9,"Action: Answer(""A"")
"
gpt-35-turbo,baseline,comprehensive-100,0.8,82,0,"Action: Answer(""A"")
"
gpt-35-turbo,baseline,comprehensive-100,0.8,82,1,"Action: Answer(""A"")
"
gpt-35-turbo,baseline,comprehensive-100,0.8,82,2,"Action: Answer(""A"")  

"
gpt-35-turbo,baseline,comprehensive-100,0.8,82,3,"Action: Answer(""A"")
"
gpt-35-turbo,baseline,comprehensive-100,0.8,82,4,"Action: Answer(""A"")
"
gpt-35-turbo,baseline,comprehensive-100,0.8,82,5,"Action: Answer(""A"")
"
gpt-35-turbo,baseline,comprehensive-100,0.8,82,6,"Action: Answer(""A"")
"
gpt-35-turbo,baseline,comprehensive-100,0.8,82,7,"Action: Answer(""A"")
"
gpt-35-turbo,baseline,comprehensive-100,0.8,82,8,"Action: Answer(""A"")
"
gpt-35-turbo,baseline,comprehensive-100,0.8,82,9,"Action: Answer(""A"")
"
gpt-35-turbo,baseline,comprehensive-100,0.8,84,0,"Action: Answer(""D"")
"
gpt-35-turbo,baseline,comprehensive-100,0.8,84,1,"Action: Answer(""D"")
"
gpt-35-turbo,baseline,comprehensive-100,0.8,84,2,"Action: Answer(""D"")
"
gpt-35-turbo,baseline,comprehensive-100,0.8,84,3,"Action: Answer(""D"")
"
gpt-35-turbo,baseline,comprehensive-100,0.8,84,4,"Action: Answer(""D"")
"
gpt-35-turbo,baseline,comprehensive-100,0.8,84,5,"Action: Answer(""D"")
"
gpt-35-turbo,baseline,comprehensive-100,0.8,84,6,"Action: Answer(""D"")
"
gpt-35-turbo,baseline,comprehensive-100,0.8,84,7,"Action: Answer(""D"")
"
gpt-35-turbo,baseline,comprehensive-100,0.8,84,8,"Action: Answer(""D"")
"
gpt-35-turbo,baseline,comprehensive-100,0.8,84,9,"Action: Answer(""D"")
"
gpt-35-turbo,baseline,comprehensive-100,0.8,85,0,"Action: Answer(""B"")
"
gpt-35-turbo,baseline,comprehensive-100,0.8,85,1,"Action: Answer(""D"")
"
gpt-35-turbo,baseline,comprehensive-100,0.8,85,2,"Action: Answer(""D"")
"
gpt-35-turbo,baseline,comprehensive-100,0.8,85,3,"Action: Answer(""D"")
"
gpt-35-turbo,baseline,comprehensive-100,0.8,85,4,"Action: Answer(""D"")
"
gpt-35-turbo,baseline,comprehensive-100,0.8,85,5,"Action: Answer(""B"")
"
gpt-35-turbo,baseline,comprehensive-100,0.8,85,6,"Action: Answer(""B"")
"
gpt-35-turbo,baseline,comprehensive-100,0.8,85,7,"Action: Answer(""D"")
"
gpt-35-turbo,baseline,comprehensive-100,0.8,85,8,"Action: Answer(""D"")
"
gpt-35-turbo,baseline,comprehensive-100,0.8,85,9,"Action: Answer(""B"")
"
gpt-35-turbo,baseline,comprehensive-100,0.8,86,0,"Action: Answer(""C"")
"
gpt-35-turbo,baseline,comprehensive-100,0.8,86,1,"Action: Answer(""C"")
"
gpt-35-turbo,baseline,comprehensive-100,0.8,86,2,"Action: Answer(""C"")
"
gpt-35-turbo,baseline,comprehensive-100,0.8,86,3,"Action: Answer(""C"")
"
gpt-35-turbo,baseline,comprehensive-100,0.8,86,4,"Action: Answer(""C"")
"
gpt-35-turbo,baseline,comprehensive-100,0.8,86,5,"Action: Answer(""C"")
"
gpt-35-turbo,baseline,comprehensive-100,0.8,86,6,"Action: Answer(""C"")
"
gpt-35-turbo,baseline,comprehensive-100,0.8,86,7,"Action: Answer(""C"")
"
gpt-35-turbo,baseline,comprehensive-100,0.8,86,8,"Action: Answer(""C"")
"
gpt-35-turbo,baseline,comprehensive-100,0.8,86,9,"Action: Answer(""C"")
"
gpt-35-turbo,baseline,comprehensive-100,0.8,87,0,"Action: Answer(""B"")
"
gpt-35-turbo,baseline,comprehensive-100,0.8,87,1,"Action: Answer(""B"")
"
gpt-35-turbo,baseline,comprehensive-100,0.8,87,2,"Action: Answer(""B"")
"
gpt-35-turbo,baseline,comprehensive-100,0.8,87,3,"Action: Answer(""B"")
"
gpt-35-turbo,baseline,comprehensive-100,0.8,87,4,"Action: Answer(""B"")
"
gpt-35-turbo,baseline,comprehensive-100,0.8,87,5,"Action: Answer(""B"")
"
gpt-35-turbo,baseline,comprehensive-100,0.8,87,6,"Action: Answer(""B"")
"
gpt-35-turbo,baseline,comprehensive-100,0.8,87,7,"Action: Answer(""B"")
"
gpt-35-turbo,baseline,comprehensive-100,0.8,87,8,"Action: Answer(""B"")
"
gpt-35-turbo,baseline,comprehensive-100,0.8,87,9,"Action: Answer(""B"")
"
gpt-35-turbo,baseline,comprehensive-100,0.8,88,0,"Action: Answer(""D"")
"
gpt-35-turbo,baseline,comprehensive-100,0.8,88,1,"Action: Answer(""D"")
"
gpt-35-turbo,baseline,comprehensive-100,0.8,88,2,"Action: Answer(""D"")
"
gpt-35-turbo,baseline,comprehensive-100,0.8,88,3,"Action: Answer(""B"")
"
gpt-35-turbo,baseline,comprehensive-100,0.8,88,4,"Action: Answer(""D"")
"
gpt-35-turbo,baseline,comprehensive-100,0.8,88,5,"Action: Answer(""D"")
"
gpt-35-turbo,baseline,comprehensive-100,0.8,88,6,"Action: Answer(""D"")
"
gpt-35-turbo,baseline,comprehensive-100,0.8,88,7,"Action: Answer(""D"")
"
gpt-35-turbo,baseline,comprehensive-100,0.8,88,8,"Action: Answer(""D"")
"
gpt-35-turbo,baseline,comprehensive-100,0.8,88,9,"Action: Answer(""D"")
"
gpt-35-turbo,baseline,comprehensive-100,0.8,89,0,"Action: Answer(""A"")
"
gpt-35-turbo,baseline,comprehensive-100,0.8,89,1,"Action: Answer(""A"")
"
gpt-35-turbo,baseline,comprehensive-100,0.8,89,2,"Action: Answer(""A"")
"
gpt-35-turbo,baseline,comprehensive-100,0.8,89,3,"Action: Answer(""A"")
"
gpt-35-turbo,baseline,comprehensive-100,0.8,89,4,"Action: Answer(""A"")
"
gpt-35-turbo,baseline,comprehensive-100,0.8,89,5,"Action: Answer(""A"")
"
gpt-35-turbo,baseline,comprehensive-100,0.8,89,6,"Action: Answer(""A"")
"
gpt-35-turbo,baseline,comprehensive-100,0.8,89,7,"Action: Answer(""A"")
"
gpt-35-turbo,baseline,comprehensive-100,0.8,89,8,"Action: Answer(""A"")
"
gpt-35-turbo,baseline,comprehensive-100,0.8,89,9,"Action: Answer(""A"")
"
gpt-35-turbo,baseline,comprehensive-100,0.8,90,0,"Action: Answer(""B"")
"
gpt-35-turbo,baseline,comprehensive-100,0.8,90,1,"Action: Answer(""B"")
"
gpt-35-turbo,baseline,comprehensive-100,0.8,90,2,"Action: Answer(""B"")
"
gpt-35-turbo,baseline,comprehensive-100,0.8,90,3,"Action: Answer(""B"")
"
gpt-35-turbo,baseline,comprehensive-100,0.8,90,4,"Action: Answer(""B"")
"
gpt-35-turbo,baseline,comprehensive-100,0.8,90,5,"Action: Answer(""B"")
"
gpt-35-turbo,baseline,comprehensive-100,0.8,90,6,"Action: Answer(""B"")
"
gpt-35-turbo,baseline,comprehensive-100,0.8,90,7,"Action: Answer(""B"")
"
gpt-35-turbo,baseline,comprehensive-100,0.8,90,8,"Action: Answer(""B"")
"
gpt-35-turbo,baseline,comprehensive-100,0.8,90,9,"Action: Answer(""B"")
"
gpt-35-turbo,baseline,comprehensive-100,0.8,91,0,"Action: Answer(""C"")
"
gpt-35-turbo,baseline,comprehensive-100,0.8,91,1,"Action: Answer(""C"")
"
gpt-35-turbo,baseline,comprehensive-100,0.8,91,2,"Action: Answer(""D"")
"
gpt-35-turbo,baseline,comprehensive-100,0.8,91,3,"Action: Answer(""D"")
"
gpt-35-turbo,baseline,comprehensive-100,0.8,91,4,"Action: Answer(""C"")
"
gpt-35-turbo,baseline,comprehensive-100,0.8,91,5,"Action: Answer(""C"")
"
gpt-35-turbo,baseline,comprehensive-100,0.8,91,6,"Action: Answer(""C"")
"
gpt-35-turbo,baseline,comprehensive-100,0.8,91,7,"Action: Answer(""C"")
"
gpt-35-turbo,baseline,comprehensive-100,0.8,91,8,"Action: Answer(""C"")
"
gpt-35-turbo,baseline,comprehensive-100,0.8,91,9,"Action: Answer(""D"")
"
gpt-35-turbo,baseline,comprehensive-100,0.8,92,0,"Action: Answer(""C"")
"
gpt-35-turbo,baseline,comprehensive-100,0.8,92,1,"Action: Answer(""C"")
"
gpt-35-turbo,baseline,comprehensive-100,0.8,92,2,"Action: Answer(""D"")
"
gpt-35-turbo,baseline,comprehensive-100,0.8,92,3,"Action: Answer(""C"")
"
gpt-35-turbo,baseline,comprehensive-100,0.8,92,4,"Action: Answer(""C"")
"
gpt-35-turbo,baseline,comprehensive-100,0.8,92,5,"Action: Answer(""C"")
"
gpt-35-turbo,baseline,comprehensive-100,0.8,92,6,"Action: Answer(""C"")
"
gpt-35-turbo,baseline,comprehensive-100,0.8,92,7,"Action: Answer(""C"")
"
gpt-35-turbo,baseline,comprehensive-100,0.8,92,8,"Action: Answer(""C"")
"
gpt-35-turbo,baseline,comprehensive-100,0.8,92,9,"Action: Answer(""C"")
"
gpt-35-turbo,baseline,comprehensive-100,0.8,93,0,"Action: Answer(""A"")
"
gpt-35-turbo,baseline,comprehensive-100,0.8,93,1,"Action: Answer(""A"")
"
gpt-35-turbo,baseline,comprehensive-100,0.8,93,2,"Action: Answer(""A"")
"
gpt-35-turbo,baseline,comprehensive-100,0.8,93,3,"Action: Answer(""A"")
"
gpt-35-turbo,baseline,comprehensive-100,0.8,93,4,"Action: Answer(""A"")
"
gpt-35-turbo,baseline,comprehensive-100,0.8,93,5,"Action: Answer(""A"")
"
gpt-35-turbo,baseline,comprehensive-100,0.8,93,6,"Action: Answer(""A"")
"
gpt-35-turbo,baseline,comprehensive-100,0.8,93,7,"Action: Answer(""A"")
"
gpt-35-turbo,baseline,comprehensive-100,0.8,93,8,"Action: Answer(""A"")
"
gpt-35-turbo,baseline,comprehensive-100,0.8,93,9,"Action: Answer(""A"")
"
gpt-35-turbo,baseline,comprehensive-100,0.8,94,0,"Action: Answer(""B"")
"
gpt-35-turbo,baseline,comprehensive-100,0.8,94,1,"Action: Answer(""B"")
"
gpt-35-turbo,baseline,comprehensive-100,0.8,94,2,"Action: Answer(""B"")
"
gpt-35-turbo,baseline,comprehensive-100,0.8,94,3,"Action: Answer(""B"")
"
gpt-35-turbo,baseline,comprehensive-100,0.8,94,4,"Action: Answer(""B"")
"
gpt-35-turbo,baseline,comprehensive-100,0.8,94,5,"Action: Answer(""B"")
"
gpt-35-turbo,baseline,comprehensive-100,0.8,94,6,"Action: Answer(""B"")
"
gpt-35-turbo,baseline,comprehensive-100,0.8,94,7,"Action: Answer(""B"")
"
gpt-35-turbo,baseline,comprehensive-100,0.8,94,8,"Action: Answer(""B"")
"
gpt-35-turbo,baseline,comprehensive-100,0.8,94,9,"Action: Answer(""B"")
"
gpt-35-turbo,baseline,comprehensive-100,0.8,95,0,"Action: Answer(""B"")
"
gpt-35-turbo,baseline,comprehensive-100,0.8,95,1,"Action: Answer(""B"")
"
gpt-35-turbo,baseline,comprehensive-100,0.8,95,2,"Action: Answer(""B"")
"
gpt-35-turbo,baseline,comprehensive-100,0.8,95,3,"Answer(""B"")
"
gpt-35-turbo,baseline,comprehensive-100,0.8,95,4,"Action: Answer(""B"")
"
gpt-35-turbo,baseline,comprehensive-100,0.8,95,5,"Action: Answer(""B"")
"
gpt-35-turbo,baseline,comprehensive-100,0.8,95,6,"Action: Answer(""B"")
"
gpt-35-turbo,baseline,comprehensive-100,0.8,95,7,"Action: Answer(""D"")
"
gpt-35-turbo,baseline,comprehensive-100,0.8,95,8,"Action: Answer(""B"")
"
gpt-35-turbo,baseline,comprehensive-100,0.8,95,9,"Action: Answer(""B"")
"
gpt-35-turbo,baseline,comprehensive-100,0.8,96,0,"Action: Answer(""A"")
"
gpt-35-turbo,baseline,comprehensive-100,0.8,96,1,"Action: Answer(""A"")
"
gpt-35-turbo,baseline,comprehensive-100,0.8,96,2,"Action: Answer(""A"")
"
gpt-35-turbo,baseline,comprehensive-100,0.8,96,3,"Action: Answer(""A"")
"
gpt-35-turbo,baseline,comprehensive-100,0.8,96,4,"Action: Answer(""A"")
"
gpt-35-turbo,baseline,comprehensive-100,0.8,96,5,"Action: Answer(""A"")
"
gpt-35-turbo,baseline,comprehensive-100,0.8,96,6,"Action: Answer(""A"")
"
gpt-35-turbo,baseline,comprehensive-100,0.8,96,7,"Action: Answer(""A"")
"
gpt-35-turbo,baseline,comprehensive-100,0.8,96,8,"Action: Answer(""A"")
"
gpt-35-turbo,baseline,comprehensive-100,0.8,96,9,"Action: Answer(""A"")
"
gpt-35-turbo,baseline,comprehensive-100,0.8,97,0,"Action: Answer(""D"")
"
gpt-35-turbo,baseline,comprehensive-100,0.8,97,1,"Action: Answer(""D"")
"
gpt-35-turbo,baseline,comprehensive-100,0.8,97,2,"Action: Answer(""D"")
"
gpt-35-turbo,baseline,comprehensive-100,0.8,97,3,"Action: Answer(""D"")
"
gpt-35-turbo,baseline,comprehensive-100,0.8,97,4,"Action: Answer(""D"")
"
gpt-35-turbo,baseline,comprehensive-100,0.8,97,5,"Action: Answer(""D"")
"
gpt-35-turbo,baseline,comprehensive-100,0.8,97,6,"Action: Answer(""D"")
"
gpt-35-turbo,baseline,comprehensive-100,0.8,97,7,"Action: Answer(""D"")
"
gpt-35-turbo,baseline,comprehensive-100,0.8,97,8,"Action: Answer(""D"")
"
gpt-35-turbo,baseline,comprehensive-100,0.8,97,9,"Action: Answer(""D"")
"
gpt-35-turbo,baseline,comprehensive-100,0.8,98,0,"Action: Answer(""C"")
"
gpt-35-turbo,baseline,comprehensive-100,0.8,98,1,"Action: Answer(""C"")
"
gpt-35-turbo,baseline,comprehensive-100,0.8,98,2,"Action: Answer(""C"")
"
gpt-35-turbo,baseline,comprehensive-100,0.8,98,3,"Action: Answer(""C"")
"
gpt-35-turbo,baseline,comprehensive-100,0.8,98,4,"Action: Answer(""C"")
"
gpt-35-turbo,baseline,comprehensive-100,0.8,98,5,"Action: Answer(""C"")
"
gpt-35-turbo,baseline,comprehensive-100,0.8,98,6,"Action: Answer(""C"")
"
gpt-35-turbo,baseline,comprehensive-100,0.8,98,7,"Action: Answer(""C"")
"
gpt-35-turbo,baseline,comprehensive-100,0.8,98,8,"Action: Answer(""C"")
"
gpt-35-turbo,baseline,comprehensive-100,0.8,98,9,"Action: Answer(""C"")
"
gpt-35-turbo,baseline,comprehensive-100,0.8,99,0,"Action: Answer(""C"")
"
gpt-35-turbo,baseline,comprehensive-100,0.8,99,1,"Action: Answer(""C"")
"
gpt-35-turbo,baseline,comprehensive-100,0.8,99,2,"Action: Answer(""C"")
"
gpt-35-turbo,baseline,comprehensive-100,0.8,99,3,"Action: Answer(""C"")
"
gpt-35-turbo,baseline,comprehensive-100,0.8,99,4,"Action: Answer(""C"")
"
gpt-35-turbo,baseline,comprehensive-100,0.8,99,5,"Action: Answer(""C"")
"
gpt-35-turbo,baseline,comprehensive-100,0.8,99,6,"Action: Answer(""C"")
"
gpt-35-turbo,baseline,comprehensive-100,0.8,99,7,"Action: Answer(""C"")
"
gpt-35-turbo,baseline,comprehensive-100,0.8,99,8,"Action: Answer(""C"")
"
gpt-35-turbo,baseline,comprehensive-100,0.8,99,9,"Action: Answer(""C"")
"
gpt-35-turbo,baseline,comprehensive-100,0.8,100,0,"Action: Answer(""B"")
"
gpt-35-turbo,baseline,comprehensive-100,0.8,100,1,"Action: Answer(""D"")
"
gpt-35-turbo,baseline,comprehensive-100,0.8,100,2,"Action: Answer(""D"")
"
gpt-35-turbo,baseline,comprehensive-100,0.8,100,3,"Action: Answer(""D"")
"
gpt-35-turbo,baseline,comprehensive-100,0.8,100,4,"Action: Answer(""D"")
"
gpt-35-turbo,baseline,comprehensive-100,0.8,100,5,"Action: Answer(""D"")
"
gpt-35-turbo,baseline,comprehensive-100,0.8,100,6,"Action: Answer(""D"")
"
gpt-35-turbo,baseline,comprehensive-100,0.8,100,7,"Action: Answer(""D"")
"
gpt-35-turbo,baseline,comprehensive-100,0.8,100,8,"Action: Answer(""B"")
"
gpt-35-turbo,baseline,comprehensive-100,0.8,100,9,"Action: Answer(""D"")
"
